InputID,TargetID,Distance,fipscounty,msa,msaname,cbsaname
38380,310M300US35380,12.5882472297,,,,
12260,310M300US35380,8.72265236964,45037,600,"AUGUSTA-AIKEN, GA-SC","Augusta-Richmond County, GA-SC"
29860,310M300US35380,2.075234222,,,,
15500,310M300US35380,12.2049618277,37001,3120,"GREENSBORO--WINSTON-SALEM--HIGH POINT, NC","Burlington, NC"
28540,310M300US35380,48.3701655884,,,,
10420,310M300US35380,14.1548503114,39153,80,"AKRON, OH","Akron, OH"
28940,310M300US35380,8.45303444737,47173,3840,"KNOXVILLE, TN","Knoxville, TN"
26540,310M300US35380,11.7994252691,,,,
14010,310M300US35380,10.5615667902,,,,
32860,310M300US35380,15.1676489395,,,,
45020,310M300US35380,10.7298442388,,,,
21380,310M300US35380,10.5651283158,,,,
38860,310M300US35380,23.878295653,23031,6403,"PORTLAND, ME","Portland-South Portland-Biddeford, ME"
16580,310M300US35380,10.4535520682,17147,14,ILLINOIS,"Champaign-Urbana, IL"
21840,310M300US35380,11.3053205002,,,,
11700,310M300US35380,9.23166183014,37115,480,"ASHEVILLE, NC","Asheville, NC"
47380,310M300US35380,7.30248899782,48309,8800,"WACO, TX","Waco, TX"
16660,310M300US35380,9.67006097463,,,,
24700,310M300US35380,10.4009001547,,,,
32380,310M300US35380,13.7054262932,,,,
44180,310M300US35380,8.12622354066,29225,7920,"SPRINGFIELD, MO","Springfield, MO"
33060,310M300US35380,8.46618800805,,,,
43320,310M300US35380,21.1016652295,,,,
26300,310M300US35380,5.66418246549,5051,4,ARKANSAS,"Hot Springs, AR"
24340,310M300US35380,13.8325701089,26123,23,MICHIGAN,"Grand Rapids-Wyoming, MI"
41420,310M300US35380,36.2079756919,41053,7080,"SALEM, OR","Salem, OR"
11620,310M300US35380,8.52856528726,,,,
31900,310M300US35380,13.1555977728,39139,4800,"MANSFIELD, OH","Mansfield, OH"
46500,310M300US35380,11.9532593827,,,,
37660,310M300US35380,9.03956884159,,,,
46060,310M300US35380,21.9515214594,4019,8520,"TUCSON, AZ","Tucson, AZ"
19380,310M300US35380,11.4986604443,39135,36,OHIO,"Dayton, OH"
27920,310M300US35380,11.3608237455,,,,
22540,310M300US35380,13.9253743301,55039,52,WISCONSIN,"Fond du Lac, WI"
22820,310M300US35380,17.3047760927,,,,
39300,310M300US35380,21.9906129293,44009,6483,"PROVIDENCE-WARWICK-PAWTUCKET, RI","Providence-New Bedford-Fall River, RI-M"
43760,310M300US35380,31.08701757,,,,
14020,310M300US35380,9.88690202729,18119,15,INDIANA,"Bloomington, IN"
42540,310M300US35380,18.1068005993,42131,7560,"SCRANTON-WILKES-BARRE-HAZLETON, PA","Scranton--Wilkes-Barre, PA"
21140,310M300US35380,12.3872260167,18039,2330,"ELKHART-GOSHEN, IN","Elkhart-Goshen, IN"
42660,310M300US35380,36.4637877933,,,,
22380,310M300US35380,22.6151279238,4005,2620,"FLAGSTAFF, ARIZONA-UTAH","Flagstaff, AZ"
18980,310M300US35380,5.23047030621,,,,
13700,310M300US35380,11.7352591725,,,,
22260,310M300US35380,17.4804186661,,,,
11540,310M300US35380,14.4700323984,55087,460,"APPLETON-OSHKOSH-NEENAH, WI","Appleton, WI"
16220,310M300US35380,21.3177897558,56025,1350,"CASPER, WY","Casper, WY"
11180,310M300US35380,12.6309819012,19169,16,IOWA,"Ames, IA"
44920,310M300US35380,23.6964632824,,,,
10180,310M300US35380,10.095808529,48441,40,"ABILENE, TX","Abilene, TX"
22420,310M300US35380,14.5263645329,26049,2640,"FLINT, MI","Flint, MI"
20380,310M300US35380,12.3521817097,,,,
22060,310M300US35380,14.8325038876,,,,
43020,310M300US35380,14.994027157,,,,
39780,310M300US35380,33.8652679054,,,,
26960,310M300US35380,13.921191464,,,,
38260,310M300US35380,9.04674777038,,,,
45520,310M300US35380,34.7476763499,,,,
41460,310M300US35380,11.8867789478,,,,
29420,310M300US35380,24.5065541504,,,,
43660,310M300US35380,11.3305281561,,,,
36220,310M300US35380,12.7473981027,48135,5800,"ODESSA-MIDLAND, TX","Odessa, TX"
33420,310M300US35380,8.83701985656,,,,
47620,310M300US35380,15.9922461964,,,,
30280,310M300US35380,6.40922621893,,,,
36780,310M300US35380,14.2238678232,55139,460,"APPLETON-OSHKOSH-NEENAH, WI","Oshkosh-Neenah, WI"
14420,310M300US35380,12.8586276202,,,,
23240,310M300US35380,9.00848230964,,,,
48100,310M300US35380,8.48804084942,,,,
37940,310M300US35380,11.5443655761,,,,
17820,310M300US35380,17.2131753076,8119,6,COLORADO,"Colorado Springs, CO"
45660,310M300US35380,13.1293657939,,,,
42740,310M300US35380,9.43337829058,,,,
25780,310M300US35380,13.2250106049,,,,
13260,310M300US35380,9.58424654311,,,,
42020,310M300US35380,30.9458987832,6079,7460,"SAN LUIS OBISPO-ATASCADERO-PASO ROBLES, CA","San Luis Obispo-Paso Robles, CA"
44620,310M300US35380,14.5774240299,,,,
31680,310M300US35380,5.33468667677,,,,
33580,310M300US35380,15.9346353455,,,,
44740,310M300US35380,13.8455439462,,,,
37800,310M300US35380,11.8561836872,,,,
24820,310M300US35380,11.5334211369,,,,
28100,310M300US35380,11.4247014801,17091,3740,"KANKAKEE, IL","Kankakee-Bradley, IL"
23140,310M300US35380,10.9618668789,,,,
21660,310M300US35380,35.7676680606,41039,2400,"EUGENE-SPRINGFIELD, OR","Eugene-Springfield, OR"
28060,310M300US35380,30.3164797151,,,,
36820,310M300US35380,11.7433701821,,,,
31060,310M300US35380,17.4123591974,,,,
16100,310M300US35380,14.5841366374,,,,
47660,310M300US35380,9.64448193818,,,,
12580,310M300US35380,16.3607963196,24510,720,"BALTIMORE, MD","Baltimore-Towson, MD"
17500,310M300US35380,9.40017072137,,,,
40060,310M300US35380,14.5848193302,51760,6760,"RICHMOND-PETERSBURG, VA","Richmond, VA"
25700,310M300US35380,12.9987714247,,,,
22700,310M300US35380,13.2195172282,,,,
32300,310M300US35380,12.1420699172,,,,
25740,310M300US35380,28.0237182512,,,,
49380,310M300US35380,14.9432987041,,,,
40900,310M300US35380,32.2931813144,6113,9270,"YOLO, CA","Sacramento--Arden-Arcade--Roseville, CA"
42200,310M300US35380,30.4428171748,,,,
32820,310M300US35380,5.10467522161,47167,4920,"MEMPHIS, TN-AR-MS","Memphis, TN-MS-AR"
28020,310M300US35380,13.0272352437,26159,3720,"KALAMAZOO-BATTLE CREEK, MI","Kalamazoo-Portage, MI"
20820,310M300US35380,9.25473667731,,,,
27900,310M300US35380,8.39303561489,29145,3710,"JOPLIN, MO","Joplin, MO"
18420,310M300US35380,5.16058930116,,,,
19500,310M300US35380,10.0038935795,17115,2040,"DECATUR, IL","Decatur, IL"
25580,310M300US35380,13.6359209945,,,,
48820,310M300US35380,16.0647431179,,,,
15020,310M300US35380,1.70455026457,,,,
13340,310M300US35380,12.1708267464,,,,
28260,310M300US35380,14.1351592769,,,,
18820,310M300US35380,10.5857793479,,,,
41860,310M300US35380,33.1679632707,,,,
27260,310M300US35380,8.16219799777,12109,3600,"JACKSONVILLE, FL","Jacksonville, FL"
36840,310M300US35380,10.172901131,,,,
15340,310M300US35380,13.0077178595,,,,
15740,310M300US35380,13.2072026016,,,,
19940,310M300US35380,11.8591573948,,,,
19860,310M300US35380,21.1491538799,,,,
37900,310M300US35380,10.8929219618,17203,6120,"PEORIA-PEKIN, IL","Peoria, IL"
49300,310M300US35380,13.5759678316,,,,
39820,310M300US35380,33.8805862822,6089,6690,"REDDING, CA","Redding, CA"
35220,310M300US35380,11.0109375575,,,,
16300,310M300US35380,12.3024748866,19113,1360,"CEDAR RAPIDS, IA","Cedar Rapids, IA"
46980,310M300US35380,2.46299211951,,,,
30820,310M300US35380,16.7296739118,,,,
39740,310M300US35380,17.5243527125,42011,6680,"READING, PA","Reading, PA"
33500,310M300US35380,21.5838278555,,,,
47940,310M300US35380,12.8809995899,19075,16,IOWA,"Waterloo-Cedar Falls, IA"
11580,310M300US35380,8.58003045357,,,,
41500,310M300US35380,31.9212089502,6053,7120,"SALINAS, CA","Salinas, CA"
25300,310M300US35380,9.89000347757,,,,
13620,310M300US35380,23.708923436,,,,
44220,310M300US35380,11.7573667114,39023,2000,"DAYTON-SPRINGFIELD, OH","Springfield, OH"
33260,310M300US35380,12.2398681161,48329,5800,"ODESSA-MIDLAND, TX","Midland, TX"
24860,310M300US35380,8.9224830876,45077,3160,"GREENVILLE-SPARTANBURG-ANDERSON, SC","Greenville, SC"
24460,310M300US35380,12.2925195258,,,,
40140,310M300US35380,26.5913327983,6071,6780,"RIVERSIDE-SAN BERNADINO, CA","Riverside-San Bernardino-Ontario, CA"
35740,310M300US35380,14.2911123206,,,,
32460,310M300US35380,6.94042489946,,,,
19300,310M300US35380,2.37236805263,,,,
20740,310M300US35380,15.0933934028,55035,2290,"EAU CLAIRE, WI","Eau Claire, WI"
32740,310M300US35380,15.3503039472,,,,
30220,310M300US35380,12.9366593425,,,,
35620,310M300US35380,19.3131327908,,,,
26780,310M300US35380,15.5330629847,,,,
37980,310M300US35380,17.7331349278,,,,
26420,310M300US35380,5.45308462229,48473,3360,"HOUSTON, TX","Houston-Baytown-Sugar Land, TX"
27060,310M300US35380,18.4114583904,36109,33,NEW YORK,"Ithaca, NY"
42380,310M300US35380,17.9345568018,,,,
15940,310M300US35380,13.875447207,39151,1320,"CANTON-MASSILLON, OH","Canton-Massillon, OH"
31380,310M300US35380,10.5771572123,,,,
14620,310M300US35380,16.4666996194,,,,
42900,310M300US35380,18.3856367848,,,,
21860,310M300US35380,14.5185570517,,,,
10820,310M300US35380,16.9483682677,,,,
34380,310M300US35380,14.6524308531,,,,
21260,310M300US35380,35.2272551533,,,,
28820,310M300US35380,13.4128795725,,,,
26700,310M300US35380,16.7310150216,,,,
47980,310M300US35380,16.7220739748,,,,
37740,310M300US35380,21.2244969203,,,,
37120,310M300US35380,4.59765332773,,,,
11780,310M300US35380,14.9642398751,,,,
29500,310M300US35380,12.3309161969,,,,
44060,310M300US35380,33.1296234188,53063,7840,"SPOKANE, WA","Spokane, WA"
13100,310M300US35380,12.3579025107,,,,
19980,310M300US35380,12.6272913296,,,,
44260,310M300US35380,3.67867854928,,,,
17580,310M300US35380,14.1893924883,,,,
43780,310M300US35380,12.4665062672,26027,23,MICHIGAN,"South Bend-Mishawaka, IN-MI"
40620,310M300US35380,8.1830065642,,,,
48140,310M300US35380,14.994211518,55073,8940,"WAUSAU, WI","Wausau, WI"
15620,310M300US35380,15.1520077591,,,,
48220,310M300US35380,10.7165384902,,,,
11220,310M300US35380,20.2343053685,,,,
24540,310M300US35380,17.946829374,8123,3060,"GREELEY, CO","Greeley, CO"
23420,310M300US35380,30.4821276612,6019,2840,"FRESNO, CA","Fresno, CA"
32260,310M300US35380,12.5089183803,,,,
34620,310M300US35380,11.2814995782,18035,5280,"MUNCIE, IN","Muncie, IN"
13180,310M300US35380,13.567792932,,,,
19180,310M300US35380,10.514823146,17183,14,ILLINOIS,"Danville, IL"
14340,310M300US35380,12.7691036051,,,,
29460,310M300US35380,8.47935219909,12105,3980,"LAKELAND-WINTER HAVEN, FL","Lakeland, FL"
33020,310M300US35380,9.50195563964,,,,
42340,310M300US35380,8.92795125924,13103,7520,"SAVANNAH, GA","Savannah, GA"
19580,310M300US35380,12.6561079686,,,,
16460,310M300US35380,8.80512278685,,,,
25820,310M300US35380,13.6315527222,,,,
46020,310M300US35380,32.2211195938,,,,
22340,310M300US35380,6.97853427909,,,,
46620,310M300US35380,9.82976733683,,,,
43980,310M300US35380,14.1677072285,,,,
21300,310M300US35380,17.9902767907,36015,2335,"ELMIRA, NY","Elmira, NY"
49220,310M300US35380,14.5508463601,,,,
48460,310M300US35380,7.1372634465,,,,
33220,310M300US35380,14.8240175671,,,,
29020,310M300US35380,11.2511510408,18159,3850,"KOKOMO, IN","Kokomo, IN"
20340,310M300US35380,9.13506344505,,,,
26940,310M300US35380,3.75220385699,,,,
30580,310M300US35380,13.1146224856,,,,
26090,310M300US35380,13.3201801394,,,,
22100,310M300US35380,7.92314449951,,,,
25720,310M300US35380,23.6445047925,,,,
35940,310M300US35380,13.4308981353,,,,
36940,310M300US35380,14.493273268,,,,
20300,310M300US35380,13.3374690785,,,,
30260,310M300US35380,16.9803115935,,,,
26740,310M300US35380,11.4456290168,,,,
18740,310M300US35380,13.1359249387,,,,
10860,310M300US35380,8.42732708002,,,,
16380,310M300US35380,11.8911757441,,,,
30620,310M300US35380,12.3374860561,39003,4320,"LIMA, OH","Lima, OH"
47260,310M300US35380,15.17012494,51830,5720,"NORFOLK-VIRGINIA BEACH-NEWPORT NEWS, VA-NC","Virginia Beach-Norfolk-Newport News, VA"
39260,310M300US35380,33.5761921909,,,,
16340,310M300US35380,6.28013451185,,,,
41700,310M300US35380,8.66746688202,48493,7240,"SAN ANTONIO, TX","San Antonio, TX"
45500,310M300US35380,5.56239641631,48037,8360,"TEXARKANA, TX-TEXARKANA, AR","Texarkana, TX-Texarkana, AR"
36740,310M300US35380,8.70982025687,12117,5960,"ORLANDO, FL","Orlando, FL"
31180,310M300US35380,12.2277606812,48303,4600,"LUBBOCK, TX","Lubbock, TX"
26900,310M300US35380,10.5298193955,18145,3480,"INDIANAPOLIS, IN","Indianapolis, IN"
25620,310M300US35380,1.47028449558,28111,25,MISSISSIPPI,"Hattiesburg, MS"
47900,310M300US35380,15.3397955951,,,,
47920,310M300US35380,11.6348351054,,,,
14460,310M300US35380,22.7004303447,,,,
28500,310M300US35380,9.40280540638,,,,
49080,310M300US35380,30.422445911,,,,
29200,310M300US35380,11.0304879118,,,,
47340,310M300US35380,11.7027980459,,,,
38500,310M300US35380,12.000179388,,,,
30860,310M300US35380,24.8958225501,49005,46,UTAH,"Logan, UT-ID"
35860,310M300US35380,10.0665221143,,,,
30660,310M300US35380,10.2361837195,,,,
32700,310M300US35380,11.4593936619,,,,
21740,310M300US35380,23.5352976079,,,,
16140,310M300US35380,13.0882805375,,,,
36860,310M300US35380,11.4784375615,,,,
29620,310M300US35380,13.8777864863,26065,4040,"LANSING-EAST LANSING, MI","Lansing-East Lansing, MI"
30900,310M300US35380,11.4386411564,,,,
10540,310M300US35380,35.7009319913,,,,
30700,310M300US35380,12.9254417842,31159,28,NEBRASKA,"Lincoln, NE"
43620,310M300US35380,15.3105586327,46125,43,SOUTH DAKOTA,"Sioux Falls, SD"
22300,310M300US35380,12.7514570601,,,,
29340,310M300US35380,3.3142252899,22023,19,LOUISIANA,"Lake Charles, LA"
22900,310M300US35380,7.01912270553,40135,2720,"FORT SMITH, AR-OK","Fort Smith, AR-OK"
11100,310M300US35380,13.1020208971,48381,320,"AMARILLO, TX","Amarillo, TX"
12660,310M300US35380,13.5217193217,,,,
20500,310M300US35380,12.438620369,37145,34,NORTH CAROLINA,"Durham, NC"
17460,310M300US35380,14.1375362415,39103,1680,"CLEVELAND-LORAIN-ELYRIA, OH","Cleveland-Elyria-Mentor, OH"
13980,310M300US35380,11.8621486422,51750,49,VIRGINIA,"Blacksburg-Christiansburg-Radford, VA"
16860,310M300US35380,6.89568771694,47153,44,TENNESSEE,"Chattanooga, TN-GA"
38920,310M300US35380,6.80285457935,,,,
48660,310M300US35380,9.37934421555,48485,9080,"WICHITA FALLS, TX","Wichita Falls, TX"
37420,310M300US35380,12.1761020124,,,,
10940,310M300US35380,14.4149210752,,,,
24420,310M300US35380,35.84336013,,,,
32020,310M300US35380,12.6568093163,,,,
48300,310M300US35380,35.2147421121,53017,50,WASHINGTON,"Wenatchee, WA"
41660,310M300US35380,10.8235987827,48451,7200,"SAN ANGELO, TX","San Angelo, TX"
12980,310M300US35380,13.2945182042,26025,3720,"KALAMAZOO-BATTLE CREEK, MI","Battle Creek, MI"
13660,310M300US35380,14.4930403481,,,,
13740,310M300US35380,24.5833772134,30111,880,"BILLINGS, MT","Billings, MT"
48020,310M300US35380,13.1680119364,,,,
23340,310M300US35380,13.4624467497,,,,
29660,310M300US35380,19.6706586414,,,,
28340,310M300US35380,12.3541822814,,,,
35700,310M300US35380,20.961692626,,,,
27420,310M300US35380,19.3064358955,,,,
15060,310M300US35380,36.4389396193,,,,
34540,310M300US35380,12.9132456882,,,,
18220,310M300US35380,10.8405518473,,,,
16740,310M300US35380,10.5061982417,45091,1520,"CHARLOTTE-GASTONIA-ROCK HILL, NC-SC","Charlotte-Gastonia-Concord, NC-SC"
29100,310M300US35380,13.9420689183,55063,3870,"LA CROSSE, WI-MN","La Crosse, WI-MN"
16500,310M300US35380,36.4773656621,,,,
14260,310M300US35380,29.2933850037,16073,13,IDAHO,"Boise City-Nampa, ID"
28660,310M300US35380,7.94750307947,48281,45,TEXAS,"Killeen-Temple-Fort Hood, TX"
11660,310M300US35380,5.25521989774,,,,
32580,310M300US35380,8.94987476121,48215,4880,"MCALLEN-EDINBURG-MISSION, TX","McAllen-Edinburg-Pharr, TX"
31740,310M300US35380,11.4947561697,,,,
21780,310M300US35380,8.40692918816,21233,18,KENTUCKY,"Evansville, IN-KY"
43300,310M300US35380,7.69073597436,48181,7640,"SHERMAN-DENISON, TX","Sherman-Denison, TX"
36540,310M300US35380,12.8937425797,31177,5920,"OMAHA, NE-IA","Omaha-Council Bluffs, NE-IA"
36420,310M300US35380,9.36055009049,40109,5880,"OKLAHOMA CITY, OK","Oklahoma City, OK"
21980,310M300US35380,29.9924339843,,,,
32100,310M300US35380,16.686749138,,,,
43580,310M300US35380,14.2095069488,46127,43,SOUTH DAKOTA,"Sioux City, IA-NE-SD"
17140,310M300US35380,10.7007932915,39165,1640,"CINCINNATI, OH-KY-IN","Cincinnati-Middletown, OH-KY-IN"
23060,310M300US35380,12.0668848952,18183,2760,"FORT WAYNE, IN","Fort Wayne, IN"
15660,310M300US35380,6.84643205544,,,,
42700,310M300US35380,8.98032685679,,,,
38060,310M300US35380,22.3645872233,4021,6200,"PHOENIX-MESA, AZ","Phoenix-Mesa-Scottsdale, AZ"
45780,310M300US35380,13.1317905465,39173,8400,"TOLEDO, OH","Toledo, OH"
26140,310M300US35380,7.54393885091,,,,
27540,310M300US35380,8.96130380553,,,,
42300,310M300US35380,17.2571845939,,,,
44780,310M300US35380,12.7970213344,,,,
27580,310M300US35380,26.1233186226,,,,
43940,310M300US35380,20.0145094983,,,,
26860,310M300US35380,15.279268292,,,,
32780,310M300US35380,35.0926862477,41029,4890,"MEDFORD-ASHLAND, OR","Medford, OR"
47080,310M300US35380,7.86080508214,,,,
31260,310M300US35380,4.8546456603,,,,
16820,310M300US35380,13.8734036356,51540,1540,"CHARLOTTESVILLE, VA","Charlottesville, VA"
16620,310M300US35380,11.8957844873,54079,1480,"CHARLESTON, WV","Charleston, WV"
19340,310M300US35380,11.5037256347,19163,1960,"DAVENPORT-ROCK ISLAND-MOLINE, IA-IL","Davenport-Moline-Rock Island, IA-IL"
42780,310M300US35380,16.8490992419,,,,
24220,310M300US35380,19.2115982952,38035,2985,"GRAND FORKS, ND-MN","Grand Forks, ND-MN"
17200,310M300US35380,22.560803167,,,,
37100,310M300US35380,29.4901779803,6111,8735,"VENTURA, CA","Oxnard-Thousand Oaks-Ventura, CA"
25220,310M300US35380,0.854883918794,,,,
15260,310M300US35380,8.43100222146,13191,11,GEORGIA,"Brunswick, GA"
13140,310M300US35380,4.14227031197,48361,840,"BEAUMONT-PORT ARTHUR, TX","Beaumont-Port Arthur, TX"
10980,310M300US35380,16.3973755162,,,,
32220,310M300US35380,5.15305231838,,,,
18020,310M300US35380,10.1444057018,18005,15,INDIANA,"Columbus, IN"
31420,310M300US35380,6.89679328525,13289,4680,"MACON, GA","Macon, GA"
14780,310M300US35380,6.46301885598,,,,
22180,310M300US35380,12.1092367614,37093,34,NORTH CAROLINA,"Fayetteville, NC"
36260,310M300US35380,25.6092371543,49057,7160,"SALT LAKE CITY-OGDEN, UT","Ogden-Clearfield, UT"
44860,310M300US35380,6.4863933806,,,,
27220,310M300US35380,24.9981350434,,,,
34100,310M300US35380,9.03464922176,47089,44,TENNESSEE,"Morristown, TN"
33940,310M300US35380,20.1957720924,,,,
11260,310M300US35380,67.8032773709,2170,2,ALASKA,"Anchorage, AK"
48540,310M300US35380,13.5768907723,54069,9000,"WHEELING, WV-OH","Wheeling, WV-OH"
34060,310M300US35380,13.9816956603,54077,51,WEST VIRGINIA,"Morgantown, WV"
14700,310M300US35380,7.5393553106,,,,
46780,310M300US35380,12.1928827019,,,,
18140,310M300US35380,12.3217968912,39159,36,OHIO,"Columbus, OH"
33980,310M300US35380,14.1748384729,,,,
38100,310M300US35380,0.935345354696,,,,
18060,310M300US35380,3.87228605843,,,,
41900,310M300US35380,25.7707244392,72125,4840,"MAYAGUEZ, PR","San Germán-Cabo Rojo, PR"
34780,310M300US35380,7.88205495891,,,,
48580,310M300US35380,12.8409089824,,,,
22220,310M300US35380,7.5499423419,29119,26,MISSOURI,"Fayetteville-Springdale-Rogers, AR-MO"
29780,310M300US35380,15.8789818965,,,,
45580,310M300US35380,6.38427135431,,,,
37060,310M300US35380,4.47594480707,,,,
38460,310M300US35380,22.021794285,,,,
11860,310M300US35380,11.0216708179,,,,
40540,310M300US35380,22.2841237912,,,,
45180,310M300US35380,4.96967603494,,,,
38740,310M300US35380,6.82709823063,,,,
30060,310M300US35380,8.19181178259,,,,
24580,310M300US35380,14.9855473281,55083,52,WISCONSIN,"Green Bay, WI"
31620,310M300US35380,4.65919515741,,,,
34420,310M300US35380,6.01308060641,,,,
16180,310M300US35380,31.2010482035,32510,29,NEVADA,"Carson City, NV"
23300,310M300US35380,12.4501209975,,,,
15780,310M300US35380,4.59350349661,,,,
38620,310M300US35380,9.97874106743,,,,
37080,310M300US35380,12.9815269192,,,,
38660,310M300US35380,26.1068508717,72149,6360,"PONCE, PR","Ponce, PR"
15700,310M300US35380,16.3471303659,,,,
14100,310M300US35380,17.4939682447,,,,
20580,310M300US35380,10.4318693799,,,,
24380,310M300US35380,18.7332572474,,,,
28780,310M300US35380,8.24555067194,,,,
46100,310M300US35380,6.61587584802,,,,
14380,310M300US35380,10.3976141846,,,,
48060,310M300US35380,19.9121082977,,,,
47020,310M300US35380,7.34222047601,48469,8750,"VICTORIA, TX","Victoria, TX"
29260,310M300US35380,32.0119641164,,,,
43060,310M300US35380,8.78172015667,,,,
31500,310M300US35380,9.95999737138,,,,
20140,310M300US35380,7.56644363019,,,,
35820,310M300US35380,15.6715299958,,,,
38700,310M300US35380,11.0744311002,,,,
40380,310M300US35380,18.0370192575,36117,6840,"ROCHESTER, NY","Rochester, NY"
28580,310M300US35380,9.96912941238,,,,
48780,310M300US35380,22.8715793949,,,,
48620,310M300US35380,10.7287593544,20191,17,KANSAS,"Wichita, KS"
47460,310M300US35380,32.6847879523,,,,
15420,310M300US35380,26.7652088463,,,,
24500,310M300US35380,27.5830040626,30013,3040,"GREAT FALLS, MT","Great Falls, MT"
16060,310M300US35380,7.89347939474,,,,
17380,310M300US35380,4.00104539915,,,,
29180,310M300US35380,2.11599748738,22099,3880,"LAFAYETTE, LA","Lafayette, LA"
30300,310M300US35380,31.5683014375,53003,50,WASHINGTON,"Lewiston, ID-WA"
40080,310M300US35380,9.52651725818,,,,
22500,310M300US35380,10.9933043955,45041,2655,"FLORENCE, SC","Florence, SC"
27940,310M300US35380,52.6408093743,,,,
38840,310M300US35380,13.4935085703,,,,
36140,310M300US35380,17.7453120046,34009,560,"ATLANTIC-CAPE MAY, NJ","Ocean City, NJ"
27300,310M300US35380,9.79484060436,,,,
44100,310M300US35380,9.92779127909,17167,7880,"SPRINGFIELD, IL","Springfield, IL"
49100,310M300US35380,14.2006388508,,,,
10740,310M300US35380,17.3283222176,35061,200,"ALBUQUERQUE, NM","Albuquerque, NM"
23580,310M300US35380,7.55129815866,13139,11,GEORGIA,"Gainesville, GA"
13420,310M300US35380,18.7452452712,,,,
21220,310M300US35380,27.8570560552,,,,
43340,310M300US35380,4.53073239324,22031,19,LOUISIANA,"Shreveport-Bossier City, LA"
15380,310M300US35380,17.1713206667,36063,1280,"BUFFALO-NIAGARA FALLS, NY","Buffalo-Niagara Falls, NY"
21340,310M300US35380,15.6760498014,48141,2320,"EL PASO, TX","El Paso, TX"
44340,310M300US35380,8.57485186158,,,,
41100,310M300US35380,24.684615108,49053,46,UTAH,"St. George, UT"
19220,310M300US35380,9.22506955139,,,,
31540,310M300US35380,13.1800119338,55049,52,WISCONSIN,"Madison, WI"
11060,310M300US35380,10.5626060267,,,,
46180,310M300US35380,4.53911287686,,,,
42820,310M300US35380,3.73299228332,,,,
14660,310M300US35380,17.4318674861,,,,
48980,310M300US35380,13.3551502773,,,,
34860,310M300US35380,4.97189727174,,,,
14140,310M300US35380,11.3020357809,,,,
20700,310M300US35380,18.3794757046,,,,
41760,310M300US35380,32.3851855541,,,,
37540,310M300US35380,6.63455940286,,,,
46460,310M300US35380,6.55847226401,,,,
10760,310M300US35380,5.09655335608,,,,
27380,310M300US35380,5.56419102188,,,,
14860,310M300US35380,20.083533005,9001,5483,NEW HAVEN-BRIDGEPORT-STAMFORD-WATERBURY-DANBU,"Bridgeport-Stamford-Norwalk, CT"
47700,310M300US35380,12.0536286405,,,,
11900,310M300US35380,12.3028981058,,,,
13720,310M300US35380,10.3156308229,,,,
17260,310M300US35380,4.37385779572,,,,
43700,310M300US35380,8.98164110781,,,,
19140,310M300US35380,7.06678648958,13313,11,GEORGIA,"Dalton, GA"
23700,310M300US35380,19.1740213261,,,,
40980,310M300US35380,14.6672760366,26145,6960,"SAGINAW-BAY CITY-MIDLAND, MI","Saginaw-Saginaw Township North, MI"
21580,310M300US35380,18.0010631253,,,,
39140,310M300US35380,23.0883654808,4025,3,ARIZONA,"Prescott, AZ"
32340,310M300US35380,11.5624998068,,,,
13020,310M300US35380,15.0332812318,26017,6960,"SAGINAW-BAY CITY-MIDLAND, MI","Bay City, MI"
20020,310M300US35380,4.6849746748,1069,2180,"DOTHAN, AL","Dothan, AL"
14220,310M300US35380,0.953088495987,,,,
22780,310M300US35380,8.23597861873,,,,
28860,310M300US35380,10.7107389221,,,,
19420,310M300US35380,7.60114766239,,,,
13060,310M300US35380,6.15971210938,,,,
31020,310M300US35380,36.5619729136,53015,50,WASHINGTON,"Longview, WA"
26260,310M300US35380,5.20282333383,,,,
21060,310M300US35380,8.78332918291,21123,18,KENTUCKY,"Elizabethtown, KY"
20460,310M300US35380,7.50403850104,,,,
44540,310M300US35380,17.0387391505,,,,
17060,310M300US35380,11.6815928771,,,,
34500,310M300US35380,8.45757880668,,,,
40740,310M300US35380,14.9251510341,,,,
20940,310M300US35380,25.6104903514,6025,5,CALIFORNIA,"El Centro, CA"
39220,310M300US35380,22.825365973,,,,
13300,310M300US35380,7.93393876452,,,,
45380,310M300US35380,9.66428289558,,,,
36830,310M300US35380,33.322197149,,,,
17020,310M300US35380,33.1244035469,6007,1620,"CHICO-PARADISE, CA","Chico, CA"
35060,310M300US35380,3.63640633328,,,,
10140,310M300US35380,37.9677646067,,,,
23500,310M300US35380,9.78806522517,,,,
18180,310M300US35380,22.6506955336,,,,
37140,310M300US35380,7.3449457034,,,,
31980,310M300US35380,11.446627848,,,,
29300,310M300US35380,5.83030313028,,,,
45740,310M300US35380,8.11790577789,,,,
12380,310M300US35380,14.0493523047,,,,
25020,310M300US35380,26.6638375023,72109,40,PUERTO RICO,"Guayama, PR"
43900,310M300US35380,9.48411825671,45083,3160,"GREENVILLE-SPARTANBURG-ANDERSON, SC","Spartanburg, SC"
32620,310M300US35380,1.4560266436,,,,
12300,310M300US35380,24.8524480884,,,,
43740,310M300US35380,14.8522478022,,,,
32500,310M300US35380,10.6311985032,,,,
37460,310M300US35380,4.48847282978,12005,6015,"PANAMA CITY, FL","Panama City-Lynn Haven, FL"
18860,310M300US35380,35.9542525534,,,,
33180,310M300US35380,9.27136933319,,,,
22620,310M300US35380,5.17925144564,,,,
18620,310M300US35380,6.86771297729,,,,
21640,310M300US35380,5.01248231912,,,,
40760,310M300US35380,15.9793414066,,,,
17740,310M300US35380,12.9678021698,,,,
12680,310M300US35380,9.08281826577,,,,
29060,310M300US35380,22.9892713168,,,,
21420,310M300US35380,10.1637669045,40047,2340,"ENID, OK",
27860,310M300US35380,5.83578408379,5111,4,ARKANSAS,"Jonesboro, AR"
32180,310M300US35380,9.78885625973,,,,
45540,310M300US35380,7.95781769797,,,,
38340,310M300US35380,20.8726454397,25003,6323,"PITTSFIELD, MA","Pittsfield, MA"
38580,310M300US35380,11.8106107682,,,,
16260,310M300US35380,24.6597328438,,,,
38420,310M300US35380,12.9850587977,,,,
20100,310M300US35380,17.0606754622,10001,2190,"DOVER, DE","Dover, DE"
42680,310M300US35380,9.60022101086,,,,
34740,310M300US35380,13.9143236203,26121,3000,"GRAND RAPIDS-MUSKEGON-HOLLAND, MI","Muskegon-Norton Shores, MI    a"
21540,310M300US35380,16.2956523539,,,,
19540,310M300US35380,11.9430397135,,,,
20540,310M300US35380,6.17735297942,,,,
23860,310M300US35380,11.1863696503,,,,
14820,310M300US35380,8.89777745194,,,,
38540,310M300US35380,25.6739862512,16077,13,IDAHO,"Pocatello, ID"
23900,310M300US35380,16.1672443394,,,,
47780,310M300US35380,9.25554602835,,,,
41400,310M300US35380,14.2169619082,,,,
40100,310M300US35380,9.40454193763,,,,
27500,310M300US35380,12.7964591142,55105,3620,"JANESVILLE-BELOIT, WI","Janesville, WI"
37020,310M300US35380,14.2803894045,,,,
25500,310M300US35380,14.0232030751,51660,49,VIRGINIA,"Harrisonburg, VA"
10100,310M300US35380,17.9001690662,,,,
29940,310M300US35380,10.4500041594,20045,4150,"LAWRENCE, KS","Lawrence, KS"
35100,310M300US35380,13.8761472962,,,,
11940,310M300US35380,7.67293510495,,,,
10220,310M300US35380,8.2851027535,,,,
40780,310M300US35380,6.24170709268,,,,
11740,310M300US35380,13.3657178927,,,,
38940,310M300US35380,9.86963724101,12111,2710,"FORT PIERCE-PORT ST. LUCIE, FL","Port St. Lucie-Fort Pierce, FL"
19260,310M300US35380,12.6094890888,51590,1950,"DANVILLE, VA","Danville, VA"
30880,310M300US35380,11.2712417961,,,,
13220,310M300US35380,11.8840371307,,,,
49420,310M300US35380,34.957802124,53077,9260,"YAKIMA, WA","Yakima, WA"
27160,310M300US35380,11.6962557667,,,,
11460,310M300US35380,13.7770972309,26161,440,"ANN ARBOR, MI","Ann Arbor, MI"
47580,310M300US35380,6.78938207118,13153,4680,"MACON, GA","Warner Robins, GA"
36020,310M300US35380,37.3664964181,,,,
30420,310M300US35380,14.6742796854,,,,
38820,310M300US35380,38.5204673659,,,,
35300,310M300US35380,20.5404706366,9009,5483,NEW HAVEN-BRIDGEPORT-STAMFORD-WATERBURY-DANBU,"New Haven-Milford, CT"
18100,310M300US35380,13.9087450499,,,,
33620,310M300US35380,9.87020116735,,,,
31220,310M300US35380,14.567632772,,,,
22580,310M300US35380,9.72978861777,,,,
23940,310M300US35380,21.1921678564,,,,
49700,310M300US35380,32.8977240571,6115,9340,"YUBA CITY, CA","Yuba City, CA"
41940,310M300US35380,32.2000031709,6085,7400,"SAN JOSE, CA","San Jose-Sunnyvale-Santa Clara, CA"
24260,310M300US35380,13.9014516897,,,,
48180,310M300US35380,7.68144329751,,,,
35440,310M300US35380,36.983326184,,,,
21700,310M300US35380,35.6036833631,,,,
22860,310M300US35380,3.45240303906,,,,
10900,310M300US35380,18.1658596424,42095,240,"ALLENTOWN-BETHLEHEM-EASTON, PA","Allentown-Bethlehem-Easton, PA-NJ"
22280,310M300US35380,30.629449304,,,,
34220,310M300US35380,6.31081804152,,,,
38780,310M300US35380,14.1445442091,,,,
21500,310M300US35380,15.6337647274,42049,2360,"ERIE, PA","Erie, PA"
41060,310M300US35380,16.3206449395,27145,6980,"ST. CLOUD, MN","St. Cloud, MN"
27700,310M300US35380,8.19775399478,,,,
19000,310M300US35380,8.67784796518,,,,
40300,310M300US35380,12.1539518614,,,,
35460,310M300US35380,9.10227285341,,,,
15220,310M300US35380,9.2420622247,,,,
39540,310M300US35380,12.9803458121,55101,6600,"RACINE, WI","Racine, WI"
32540,310M300US35380,7.67101887791,,,,
40700,310M300US35380,35.8101802943,,,,
25460,310M300US35380,6.96717562775,,,,
41620,310M300US35380,25.3677903715,49045,46,UTAH,"Salt Lake City, UT"
35420,310M300US35380,13.5208839499,,,,
26980,310M300US35380,11.7301050923,19183,16,IOWA,"Iowa City, IA"
21820,310M300US35380,66.5087329125,2090,2,ALASKA,"Fairbanks, AK"
25880,310M300US35380,13.1248779124,,,,
36620,310M300US35380,30.6832570751,,,,
39060,310M300US35380,17.4703973468,,,,
29740,310M300US35380,17.0614633425,35013,4100,"LAS CRUCES, NM","Las Cruces, NM"
18380,310M300US35380,6.50162693088,,,,
46700,310M300US35380,33.0612166449,6095,8720,"VALLEJO-FARIFIELD-NAPA, CA","Vallejo-Fairfield, CA"
49020,310M300US35380,14.8123263107,54027,51,WEST VIRGINIA,"Winchester, VA-WV"
11140,310M300US35380,6.12682512971,,,,
15580,310M300US35380,27.7779558053,,,,
43420,310M300US35380,19.9015289913,,,,
12020,310M300US35380,7.85536006384,13221,11,GEORGIA,"Athens-Clarke County, GA"
16020,310M300US35380,7.42169268967,,,,
17220,310M300US35380,13.365485036,,,,
29900,310M300US35380,11.5733294373,,,,
41820,310M300US35380,12.1306974471,,,,
37260,310M300US35380,8.20892496825,,,,
31580,310M300US35380,7.78508574385,,,,
21120,310M300US35380,11.1124903264,,,,
16940,310M300US35380,18.636581003,56021,1580,"CHEYENNE, WY","Cheyenne, WY"
18900,310M300US35380,7.81326476204,,,,
45140,310M300US35380,7.8448555442,,,,
22660,310M300US35380,18.8809693253,8069,2670,"FORT COLLINS-LOVELAND, CO","Fort Collins-Loveland, CO"
28620,310M300US35380,15.1526990584,,,,
36900,310M300US35380,11.2471930037,,,,
20660,310M300US35380,16.4396634263,,,,
34260,310M300US35380,6.81483676641,,,,
44940,310M300US35380,10.3724965963,45085,8140,"SUMTER, SC","Sumter, SC"
12540,310M300US35380,29.2916383178,6029,680,"BAKERSFIELD, CA","Bakersfield, CA"
30940,310M300US35380,9.16759698669,,,,
44700,310M300US35380,32.336092473,6077,8120,"STOCKTON-LODI, CA","Stockton, CA"
28180,310M300US35380,70.090644601,,,,
37780,310M300US35380,13.818250918,,,,
19700,310M300US35380,17.9468509259,,,,
30380,310M300US35380,16.3297112377,,,,
15100,310M300US35380,16.0019155215,,,,
15460,310M300US35380,11.0240247029,,,,
29380,310M300US35380,7.33283244877,,,,
47220,310M300US35380,17.6003436721,34011,8760,"VINELAND-MILLVILLE-BRIDGETON, NJ","Vineland-Millville-Bridgeton, NJ  at"
34940,310M300US35380,9.39981809739,12021,5345,"NAPLES, FL","Naples-Marco Island, FL   A"
23380,310M300US35380,13.3209727384,,,,
24140,310M300US35380,13.1323073581,37191,2980,"GOLDSBORO, NC","Goldsboro, NC"
47540,310M300US35380,12.0970522598,,,,
12860,310M300US35380,17.596827587,,,,
47300,310M300US35380,29.5359321686,6107,8780,"VISALIA-TULARE-PORTERVILLE, CA","Visalia-Porterville, CA"
33780,310M300US35380,13.6250443524,26115,2160,"DETROIT, MI","Monroe, MI"
46860,310M300US35380,22.0785151493,,,,
32280,310M300US35380,6.51055875491,,,,
24980,310M300US35380,3.86792842005,,,,
26460,310M300US35380,20.4601302842,,,,
26020,310M300US35380,13.7707757608,,,,
43260,310M300US35380,22.5452379314,,,,
27460,310M300US35380,16.2427160635,36013,3610,"JAMESTOWN, NY",
12140,310M300US35380,12.5134074656,,,,
23780,310M300US35380,13.6922542765,,,,
17700,310M300US35380,9.31091883284,,,,
42940,310M300US35380,8.70875091019,,,,
19620,310M300US35380,11.2043835934,,,,
46340,310M300US35380,5.86685094575,48423,8640,"TYLER, TX","Tyler, TX"
34180,310M300US35380,34.2022790607,,,,
48700,310M300US35380,17.2283071597,42081,9140,"WILLIAMSPORT, PA","Williamsport, PA"
34140,310M300US35380,31.6588023047,,,,
25900,310M300US35380,66.3779554157,,,,
26340,310M300US35380,17.3114153922,,,,
31860,310M300US35380,14.8523891566,,,,
35020,310M300US35380,2.21640601505,,,,
46900,310M300US35380,10.1883760582,,,,
19760,310M300US35380,3.47620744859,,,,
37300,310M300US35380,6.01563307431,,,,
36500,310M300US35380,37.0293436522,53067,5910,"OLYMPIA, WA","Olympia, WA"
23660,310M300US35380,11.0303365604,,,,
44580,310M300US35380,11.8511652238,,,,
32980,310M300US35380,15.4339369649,,,,
31660,310M300US35380,21.4590865495,,,,
42140,310M300US35380,16.9792550635,35049,7490,"SANTA FE, NM","Santa Fe, NM"
48500,310M300US35380,3.9281060078,,,,
42980,310M300US35380,9.81414256505,,,,
31460,310M300US35380,30.6985846489,6039,2840,"FRESNO, CA","Madera, CA"
28420,310M300US35380,33.6116218676,53021,6740,"RICHLAND-KENNEWICK-PASCO, WA","Kennewick-Richland-Pasco, WA"
41780,310M300US35380,13.6007412839,39043,36,OHIO,"Sandusky, OH"
10620,310M300US35380,11.1022080394,,,,
20060,310M300US35380,7.2860866143,,,,
48900,310M300US35380,12.8813227351,37141,34,NORTH CAROLINA,"Wilmington, NC"
34660,310M300US35380,6.92194509057,,,,
42860,310M300US35380,8.41842299804,,,,
24780,310M300US35380,13.8001786371,37147,3150,"GREENVILLE, NC","Greenville, NC"
13460,310M300US35380,34.2733173346,41017,38,OREGON,"Bend, OR"
37500,310M300US35380,6.24293217476,,,,
39900,310M300US35380,31.5841862402,32031,6720,"RENO, NV","Reno-Sparks, NV"
14740,310M300US35380,37.2097082818,53035,1150,"BREMERTON, WA","Bremerton-Silverdale, WA"
43220,310M300US35380,37.5426305086,,,,
33540,310M300US35380,29.4673692789,30063,5140,"MISSOULA, MT","Missoula, MT"
20980,310M300US35380,4.20616890222,,,,
42100,310M300US35380,32.8420597157,6087,7485,"SANTA CRUZ-WATSONVILLE, CA","Santa Cruz-Watsonville, CA"
28380,310M300US35380,6.36923389988,,,,
29540,310M300US35380,17.0430543128,42071,4000,"LANCASTER, PA","Lancaster, PA"
23460,310M300US35380,5.69687762551,1055,2880,"GADSDEN, AL","Gadsden, AL"
34340,310M300US35380,11.3192846062,,,,
43380,310M300US35380,11.9043583291,,,,
44660,310M300US35380,9.35338138556,,,,
44300,310M300US35380,16.3831105767,42027,8050,"STATE COLLEGE, PA","State College, PA"
45620,310M300US35380,6.10500326155,,,,
23180,310M300US35380,9.62841921113,,,,
34020,310M300US35380,1.51019047893,,,,
44900,310M300US35380,6.48618027867,,,,
23980,310M300US35380,8.18583119703,,,,
35580,310M300US35380,15.1129585496,,,,
45220,310M300US35380,5.68351158909,12129,10,FLORIDA,"Tallahassee, FL"
25420,310M300US35380,16.5420931381,42099,3240,"HARRISBURG-LEBANON-CARLISLE, PA","Harrisburg-Carlisle, PA"
38900,310M300US35380,36.1185513125,53059,50,WASHINGTON,"Portland-Vancouver-Beaverton, OR-WA"
30460,310M300US35380,9.87050429587,21239,4280,"LEXINGTON, KY","Lexington-Fayette, KY"
13900,310M300US35380,20.1230230466,38059,1010,"BISMARCK, ND","Bismarck, ND"
17660,310M300US35380,32.117481566,16055,13,IDAHO,"Coeur d'Alene, ID"
41180,310M300US35380,8.83957770878,29510,7040,"ST. LOUIS, MO-IL","St. Louis, MO-IL"
17780,310M300US35380,6.59654507444,48395,45,TEXAS,"College Station-Bryan, TX"
19060,310M300US35380,14.7262620982,54057,1900,"CUMBERLAND, MD-WV","Cumberland, MD-WV"
12900,310M300US35380,6.05786627441,,,,
30780,310M300US35380,5.43541555431,5125,4400,"LITTLE ROCK-NORTH LITTLE ROCK, AR","Little Rock-North Little Rock, AR"
12700,310M300US35380,22.9370690271,25001,743,"BARNSTABLE-YARMOUTH, MA","Barnstable Town, MA"
46520,310M300US35380,68.5492249605,,,,
15900,310M300US35380,10.5708667054,,,,
12220,310M300US35380,5.32553540371,1081,580,"AUBURN-OPELIKA, AL","Auburn-Opelika, AL"
42180,310M300US35380,26.3982248952,,,,
10780,310M300US35380,2.96004001227,22079,220,"ALEXANDRIA, LA","Alexandria, LA"
22840,310M300US35380,6.15816861087,,,,
18500,310M300US35380,17.626893116,,,,
16980,310M300US35380,11.9635893369,,,,
12060,310M300US35380,6.71817222441,13297,520,"ATLANTA, GA","Atlanta-Sandy Springs-Marietta, GA"
11420,310M300US35380,12.7389357268,,,,
14540,310M300US35380,7.96412263363,21227,18,KENTUCKY,"Bowling Green, KY"
25540,310M300US35380,21.0160919907,9013,3283,"HARTFORD, CT","Hartford-West Hartford-East Hartford, C"
49180,310M300US35380,11.4144374246,37197,3120,"GREENSBORO--WINSTON-SALEM--HIGH POINT, NC","Winston-Salem, NC"
14300,310M300US35380,7.17923823053,,,,
45300,310M300US35380,7.73864926651,12103,8280,"TAMPA-ST. PETERSBURG-CLEARWATER, FL","Tampa-St. Petersburg-Clearwater, FL"
18880,310M300US35380,3.66196205271,,,,
45060,310M300US35380,19.2134818671,36075,8160,"SYRACUSE, NY","Syracuse, NY"
46220,310M300US35380,3.94998999081,1125,8600,"TUSCALOOSA, AL","Tuscaloosa, AL"
12100,310M300US35380,18.0373307455,34001,560,"ATLANTIC-CAPE MAY, NJ","Atlan  City, NJ"
49820,310M300US35380,9.66730315782,,,,
45940,310M300US35380,18.4436636995,34021,8480,"TRENTON, NJ","Trenton-Ewing, NJ"
24640,310M300US35380,21.4935192997,,,,
10300,310M300US35380,13.3546920629,,,,
41980,310M300US35380,26.5236889584,72151,7440,"SAN JUAN-BAYAMON, PR","San Juan-Caguas-Guaynabo, PR"
38300,310M300US35380,14.6055274332,42129,6280,"PITTSBURGH, PA","Pittsburgh, PA"
40220,310M300US35380,12.4301939745,51775,6800,"ROANOKE, VA","Roanoke, VA"
10460,310M300US35380,16.024414818,,,,
31940,310M300US35380,15.7051417849,,,,
44140,310M300US35380,21.2425793221,25015,8003,"SPRINGFIELD, MA","Springfield, MA"
19820,310M300US35380,14.4675511512,,,,
36300,310M300US35380,20.8403766548,,,,
19660,310M300US35380,8.75862560984,12127,2020,"DAYTONA BEACH, FL","Deltona-Daytona Beach-Ormond Beach, FL"
11640,310M300US35380,25.8820470244,,,,
40660,310M300US35380,6.43416545556,13115,11,GEORGIA,"Rome, GA"
15540,310M300US35380,22.46568485,50013,1303,"BURLINGTON, VT","Burlington-South Burlington, VT"
31080,310M300US35380,28.5299960254,,,,
31140,310M300US35380,9.45464968412,21223,18,KENTUCKY,"Louisville, KY-IN"
40340,310M300US35380,14.2530186979,27157,24,MINNESOTA,"Rochester, MN"
29820,310M300US35380,25.8489056293,32003,4120,"LAS VEGAS, NV-AZ","Las Vegas-Paradise, NV"
10580,310M300US35380,20.5467760978,36095,160,"ALBANY-SCHENECTADY-TROY, NY","Albany-Schenectady-Troy, NY"
11820,310M300US35380,37.3516504463,,,,
39580,310M300US35380,12.8922115216,37183,6640,"RALEIGH-DURHAM-CHAPEL HILL, NC","Raleigh-Cary, NC"
20420,310M300US35380,19.3582133796,,,,
32940,310M300US35380,2.81800041897,,,,
28900,310M300US35380,34.1818675299,,,,
28740,310M300US35380,19.741942567,36111,33,NEW YORK,"Kingston, NY"
31300,310M300US35380,11.8329837769,,,,
25860,310M300US35380,10.3459353974,37035,3290,"HICKORY-MORGANTON-LENOIR, NC","Hickory-Lenoir-Morganton, NC"
39940,310M300US35380,25.8439747552,,,,
22520,310M300US35380,5.38445325597,1077,2650,"FLORENCE, AL","Florence-Muscle Shoals, AL"
34980,310M300US35380,6.97406227121,47189,5360,"NASHVILLE, TN","Nashville-Davidson--Murfreesboro, TN"
32420,310M300US35380,25.4991033286,72097,4840,"MAYAGUEZ, PR","Mayagüez, PR"
19780,310M300US35380,12.3085916838,19181,2120,"DES MOINES, IA","Des Moines, IA"
33100,310M300US35380,10.1599538701,,,,
19100,310M300US35380,7.65367847693,,,,
17420,310M300US35380,7.43203360626,47139,44,TENNESSEE,"Cleveland, TN"
39020,310M300US35380,11.2943055156,,,,
46300,310M300US35380,27.6290126434,,,,
44420,310M300US35380,13.6106016411,,,,
17540,310M300US35380,12.0075207374,,,,
43180,310M300US35380,6.60524561466,,,,
16700,310M300US35380,10.3892223611,45035,1440,"CHARLESTON-NORTH CHARLESTON, SC","Charleston-North Charleston, SC"
49660,310M300US35380,14.7115502151,42085,7610,"SHARON, PA","Youngstown-Warren-Boardman, OH-PA"
21020,310M300US35380,15.059599783,,,,
27660,310M300US35380,2.88933790469,,,,
32000,310M300US35380,9.78577582011,,,,
25100,310M300US35380,13.4183903466,,,,
30140,310M300US35380,17.0717936403,42075,3240,"HARRISBURG-LEBANON-CARLISLE, PA","Lebanon, PA"
39980,310M300US35380,11.1163341984,,,,
17340,310M300US35380,34.069615973,,,,
16420,310M300US35380,7.8307686188,,,,
23540,310M300US35380,7.4748337769,12041,10,FLORIDA,"Gainesville, FL"
37580,310M300US35380,6.76588737798,,,,
24060,310M300US35380,20.1466916483,,,,
22020,310M300US35380,18.4036016269,38017,2520,"FARGO-MOORHEAD, ND-MN","Fargo, ND-MN"
13500,310M300US35380,11.2925116597,,,,
45900,310M300US35380,15.4589792371,,,,
10500,310M300US35380,6.0151648463,13321,11,GEORGIA,"Albany, GA"
40180,310M300US35380,22.8383233143,,,,
26580,310M300US35380,11.3636968563,54099,3400,"HUNTINGTON-ASHLAND, WV-KY-OH","Huntington-Ashland, WV-KY-OH"
33460,310M300US35380,15.5365215412,55109,5120,"MINNEAPOLIS-ST. PAUL, MN-WI","Minneapolis-St. Paul-Bloomington, MN-WI"
41540,310M300US35380,16.7903283765,24045,21,MARYLAND,"Salisbury, MD"
48260,310M300US35380,13.9767009162,54029,8080,"STEUBENVILLE-WEIRTON, OH-WV","Weirton-Steubenville, WV-OH"
20260,310M300US35380,17.6017871766,55031,2240,"DULUTH-SUPERIOR, MN-WI","Duluth, MN-WI"
13780,310M300US35380,18.550951065,36107,960,"BINGHAMTON, NY","Binghamton, NY"
31700,310M300US35380,22.397968849,33013,1123,"BOSTON-WORCESTER-LAWRENCE-LOWELL-BROCKTON, MA-NH","Manchester-Nashua, NH"
25980,310M300US35380,8.55786618868,13183,11,GEORGIA,"Hinesville-Fort Stewart, GA"
20180,310M300US35380,15.9609809756,,,,
46740,310M300US35380,5.45996071246,,,,
17620,310M300US35380,26.3779357952,,,,
47240,310M300US35380,22.4576908076,,,,
33860,310M300US35380,4.31238397039,1101,5240,"MONTGOMERY, AL","Montgomery, AL"
44020,310M300US35380,14.4428387917,,,,
42620,310M300US35380,5.64519890734,,,,
21180,310M300US35380,13.4212868582,,,,
21900,310M300US35380,13.6542705167,,,,
40580,310M300US35380,13.566943299,37127,6895,"ROCKY MOUNT, NC","Rocky Mount, NC"
31820,310M300US35380,14.3750227074,,,,
45980,310M300US35380,4.43349244075,,,,
38240,310M300US35380,11.7797508252,,,,
27140,310M300US35380,2.42761738007,28127,25,MISSISSIPPI,"Jackson, MS"
49460,310M300US35380,15.0724531049,,,,
26660,310M300US35380,5.50929490962,,,,
32140,310M300US35380,15.6592136734,,,,
23820,310M300US35380,31.0056062335,,,,
37620,310M300US35380,12.540480838,54107,6020,"PARKERSBURG-MARIETTA, WV-OH","Parkersburg-Marietta, WV-OH"
18700,310M300US35380,36.5203162062,41003,1890,"CORVALLIS, OR","Corvallis, OR"
17640,310M300US35380,26.5125262548,,,,
30980,310M300US35380,5.46981956396,48459,4420,"LONGVIEW-MARSHALL, TX","Longview, TX"
49780,310M300US35380,12.8559679845,,,,
30020,310M300US35380,9.66247131982,40031,4200,"LAWTON, OK","Lawton, OK"
45000,310M300US35380,32.4837938212,,,,
15860,310M300US35380,17.7037563159,,,,
45340,310M300US35380,17.0440204264,,,,
37220,310M300US35380,27.74414425,,,,
42420,310M300US35380,18.4487892856,,,,
24740,310M300US35380,3.52383205052,,,,
17900,310M300US35380,9.8400301109,45081,42,SOUTH CAROLINA,"Columbia, SC"
47820,310M300US35380,14.2320979162,,,,
12940,310M300US35380,1.35944601763,22125,19,LOUISIANA,"Baton Rouge, LA"
18780,310M300US35380,21.1708396699,,,,
24900,310M300US35380,3.59741578659,,,,
40820,310M300US35380,3.82805005622,,,,
46140,310M300US35380,8.88472527364,40145,8560,"TULSA, OK","Tulsa, OK"
11680,310M300US35380,10.0617238517,,,,
24660,310M300US35380,11.8582750136,37157,34,NORTH CAROLINA,"Greensboro-High Point, NC"
33660,310M300US35380,1.94836279277,1097,5160,"MOBILE, AL","Mobile, AL"
49340,310M300US35380,21.827963688,25027,1123,"BOSTON-WORCESTER-LAWRENCE-LOWELL-BROCKTON, MA","Worcester, MA"
11500,310M300US35380,5.65168162491,1015,450,"ANNISTON,AL","Anniston-Oxford, AL"
17860,310M300US35380,9.38804641756,29089,26,MISSOURI,"Columbia, MO"
14720,310M300US35380,18.8701711436,,,,
25260,310M300US35380,30.4981399488,6031,5,CALIFORNIA,"Hanford-Corcoran, CA"
28140,310M300US35380,10.0897054765,29177,3760,"KANSAS CITY, MO-KS","Kansas City, MO-KS"
47180,310M300US35380,9.14182416815,,,,
18260,310M300US35380,7.79065999482,,,,
41740,310M300US35380,26.9697524982,6073,7320,"SAN DIEGO, CA","San Diego-Carlsbad-San Marcos, CA"
43140,310M300US35380,9.99525734197,,,,
25940,310M300US35380,9.41033561534,,,,
34820,310M300US35380,11.9995011099,45051,5330,"MYRTLE BEACH, SC","Myrtle Beach-Conway-North Myrtle Beach,"
28700,310M300US35380,10.0626872163,51520,3660,"JOHNSON CITY-KINGSPORT-BRISTOL, TN-VA","Kingsport-Bristol-Bristol, TN-VA"
34900,310M300US35380,33.5057930885,6055,8720,"VALLEJO-FARIFIELD-NAPA, CA","Napa, CA"
36700,310M300US35380,9.8062325787,,,,
47420,310M300US35380,17.7598637244,,,,
46660,310M300US35380,6.7699917225,13185,11,GEORGIA,"Valdosta, GA"
36980,310M300US35380,8.30912204346,21149,18,KENTUCKY,"Owensboro, KY"
26500,310M300US35380,15.9278905929,,,,
35140,310M300US35380,9.42946623147,,,,
25760,310M300US35380,4.61244657657,,,,
20220,310M300US35380,12.5985076262,19061,2200,"DUBUQUE, IA","Dubuque, IA"
39500,310M300US35380,10.2251106903,,,,
33300,310M300US35380,7.60768220434,,,,
43460,310M300US35380,7.15848742268,,,,
45460,310M300US35380,9.83839712702,18167,8320,"TERRE HAUTE, IN","Terre Haute, IN"
45700,310M300US35380,6.60631592931,,,,
41260,310M300US35380,16.1364073166,,,,
17300,310M300US35380,7.24577320601,47161,44,TENNESSEE,"Clarksville, TN-KY"
39380,310M300US35380,16.7483315787,8101,6560,"PUEBLO, CO","Pueblo, CO"
36580,310M300US35380,19.6083923732,,,,
40460,310M300US35380,11.4048566031,,,,
32660,310M300US35380,7.12140720641,,,,
45820,310M300US35380,10.8536853754,20197,17,KANSAS,"Topeka, KS"
36380,310M300US35380,9.40280267856,,,,
40860,310M300US35380,21.7483990357,,,,
11380,310M300US35380,12.914795637,,,,
26380,310M300US35380,0.831682788023,22109,3350,"HOUMA, LA","Houma-Bayou Cane-Thibodaux, LA"
38220,310M300US35380,4.62810332742,5079,4,ARKANSAS,"Pine Bluff, AR"
44980,310M300US35380,17.1783369587,,,,
27780,310M300US35380,15.438685951,42021,3680,"JOHNSTOWN, PA","Johnstown, PA"
39700,310M300US35380,8.43984486242,,,,
14180,310M300US35380,5.86035991646,,,,
25180,310M300US35380,15.4308044892,54065,51,WEST VIRGINIA,"Hagerstown-Martinsburg, MD-WV"
46540,310M300US35380,19.9618690834,36065,8680,"UTICA-ROME, NY","U a-Rome, NY"
20900,310M300US35380,6.30589279376,,,,
15820,310M300US35380,8.77622731183,,,,
12820,310M300US35380,3.4550578699,,,,
24620,310M300US35380,9.47452005419,,,,
23620,310M300US35380,8.16867660018,,,,
14580,310M300US35380,26.3601255489,,,,
12120,310M300US35380,3.04198342429,,,,
39860,310M300US35380,14.767947445,,,,
24330,310M300US35380,17.9855867878,,,,
15980,310M300US35380,8.76310544014,12071,2700,"FORT MYERS-CAPE CORAL, FL","Cape Coral-Fort Myers, FL"
14500,310M300US35380,18.4728554189,8013,1125,"BOULDER-LONGMONT, CO","Boulder, CO"
25200,310M300US35380,27.7160847543,,,,
38180,310M300US35380,17.936837109,,,,
46820,310M300US35380,14.7866654894,,,,
42460,310M300US35380,6.27324893875,,,,
36660,310M300US35380,2.17193138068,,,,
49620,310M300US35380,16.5864961322,42133,9280,"YORK, PA","York-Hanover, PA"
19460,310M300US35380,5.39705003831,1103,2030,"DECATUR, AL","Decatur, AL"
34460,310M300US35380,10.2371176169,,,,
13540,310M300US35380,21.3657786404,,,,
20780,310M300US35380,19.3655133618,,,,
11980,310M300US35380,6.34094255703,,,,
18660,310M300US35380,18.8050557999,,,,
41220,310M300US35380,8.34047455876,,,,
33700,310M300US35380,31.9795350806,6099,5170,"MODESTO, CA","Modesto, CA"
36100,310M300US35380,7.92169073701,12083,5790,"OCALA, FL","Ocala, FL"
16540,310M300US35380,15.8092793409,,,,
24100,310M300US35380,20.384513659,,,,
35900,310M300US35380,10.8108193338,,,,
26620,310M300US35380,5.8413388267,1089,3440,"HUNTSVILLE, AL","Huntsville, AL"
35660,310M300US35380,12.557768973,26021,870,"BENTON HARBOR, MI","Niles-Benton Harbor, MI"
44460,310M300US35380,20.0608995835,,,,
27020,310M300US35380,16.1502001505,,,,
40420,310M300US35380,12.4597396528,17201,6880,"ROCKFORD, IL","Rockford, IL"
35260,310M300US35380,14.6741038702,,,,
27180,310M300US35380,5.80892774252,47113,3580,"JACKSON, TN","Jackson, TN"
26220,310M300US35380,35.3402158181,,,,
12620,310M300US35380,26.3387267538,23019,733,"BANGOR, ME","Bangor, ME"
11020,310M300US35380,15.6966570094,42013,280,"ALTOONA, PA","Altoona, PA"
13380,310M300US35380,36.9798326393,53073,860,"BELLINGHAM, WA","Bellingham, WA"
36460,310M300US35380,16.7138000005,,,,
35840,310M300US35380,8.04264601713,,,,
12180,310M300US35380,18.673728913,,,,
10700,310M300US35380,5.75960446957,,,,
43500,310M300US35380,18.6512263706,,,,
24300,310M300US35380,20.6397097744,8077,2995,"GRAND JUNCTION, CO","Grand Junction, CO"
24940,310M300US35380,8.76563611905,,,,
15140,310M300US35380,5.71696801947,,,,
34300,310M300US35380,28.8484705474,,,,
44500,310M300US35380,8.59225571903,,,,
18460,310M300US35380,7.96958880483,,,,
15680,310M300US35380,15.7640997753,,,,
31930,310M300US35380,12.7537683992,,,,
12460,310M300US35380,5.45572333354,,,,
37340,310M300US35380,9.35544103878,12009,4900,"MELBOURNE-TITUSVILLE-PALM BAY, FL","Palm Bay-Melbourne-Titusville, FL"
12740,310M300US35380,22.5138332873,,,,
27600,310M300US35380,7.65577146406,,,,
29700,310M300US35380,9.62571934822,48479,4080,"LAREDO, TX","Laredo, TX"
40260,310M300US35380,13.9694296446,,,,
17980,310M300US35380,5.64132413621,13215,1800,"COLUMBUS, GA-AL","Columbus, GA-AL"
31340,310M300US35380,13.0671855931,51680,4640,"LYNCHBURG, VA","Lynchburg, VA"
37860,310M300US35380,2.89933005223,12113,6080,"PENSACOLA, FL","Pensacola-Ferry Pass-Brent, FL"
13940,310M300US35380,26.100024785,,,,
39660,310M300US35380,19.2840009621,46103,6660,"RAPID CITY, SD","Rapid City, SD"
36340,310M300US35380,15.3619658209,,,,
21460,310M300US35380,4.23306002688,,,,
39420,310M300US35380,32.3925278464,,,,
13820,310M300US35380,4.74204211946,1127,1,ALABAMA,"Birmingham-Hoover, AL"
18300,310M300US35380,36.6019227918,,,,
19740,310M300US35380,17.7261806296,8093,6,COLORADO,"Denver-Aurora, CO"
27620,310M300US35380,8.99425399841,29151,26,MISSOURI,"Jefferson City, MO"
28300,310M300US35380,21.9670671167,,,,
40940,310M300US35380,20.1680150419,,,,
22140,310M300US35380,19.5236007634,35045,32,NEW MEXICO,"Farmington, NM"
25060,310M300US35380,1.10472466828,28131,25,MISSISSIPPI,"Gulfport-Biloxi, MS"
48940,310M300US35380,11.3196953728,,,,
10380,310M300US35380,25.741245033,72131,40,PUERTO RICO,"Aguadilla-Isabela-San Sebastián, PR"
10260,310M300US35380,25.989477688,,,,
27340,310M300US35380,13.4180722328,37133,3605,"JACKSONVILLE, NC","Jacksonville, NC"
45860,310M300US35380,20.5009534295,,,,
32900,310M300US35380,31.6211145033,6047,4940,"MERCED, CA","Merced, CA"
24020,310M300US35380,21.1883412974,36115,2975,"GLENS FALLS, NY","Glens Falls, NY"
12780,310M300US35380,9.0479237634,,,,
26820,310M300US35380,26.3350410126,16051,13,IDAHO,"Idaho Falls, ID"
22800,310M300US35380,10.6706401133,,,,
30340,310M300US35380,24.3539671652,23001,4243,"LEWISTON-AUBURN, ME","Lewiston-Auburn, ME"
35980,310M300US35380,21.2746026052,9011,5523,"NEW LONDON-NORWICH, CT","Norwich-New London, CT"
33340,310M300US35380,13.3898478977,55133,5080,"MILWAUKEE-WAUKESHA, WI","Milwaukee-Waukesha-West Allis, WI"
29980,310M300US35380,5.89388985617,,,,
27100,310M300US35380,13.5238958139,26075,3520,"JACKSON, MI","Jackson, MI"
18580,310M300US35380,7.78847899355,48409,1880,"CORPUS CHRISTI, TX","Corpus Christi, TX"
39340,310M300US35380,24.5188254873,49049,6520,"PROVO-OREM, UT","Provo-Orem, UT"
49260,310M300US35380,11.3700259383,,,,
34700,310M300US35380,11.6375327877,,,,
34580,310M300US35380,36.8143848389,53057,50,WASHINGTON,"Mount Vernon-Anacortes, WA    a"
25840,310M300US35380,33.0428604608,,,,
10660,310M300US35380,14.1828499724,,,,
33140,310M300US35380,12.0749169126,18091,15,INDIANA,"Michigan City-La Porte, IN"
49740,310M300US35380,24.1286711828,4027,9360,"YUMA, AZ","Yuma, AZ"
42220,310M300US35380,34.0497280198,6097,7500,"SANTA ROSA, CA","Santa Rosa-Petaluma, CA"
15180,310M300US35380,8.45365820562,48061,1240,"BROWNSVILLE-HARLINGEN-SAN BENITO, TX","Brownsville-Harlingen, TX"
39460,310M300US35380,8.57730554546,12015,6580,"PUNTA GORDA, FL","Punta Gorda, FL"
33740,310M300US35380,3.63314364828,22111,19,LOUISIANA,"Monroe, LA"
41140,310M300US35380,11.044347141,29063,26,MISSOURI,"St. Joseph, MO-KS"
35500,310M300US35380,12.1837760562,,,,
27980,310M300US35380,67.2357179158,,,,
46380,310M300US35380,34.7765144227,,,,
43100,310M300US35380,13.9605872455,55117,7620,"SHEBOYGAN, WI","Sheboygan, WI"
12420,310M300US35380,7.71505470704,48491,640,"AUSTIN-SAN MARCOS, TX","Austin-Round Rock, TX"
27740,310M300US35380,9.91295533612,47179,3660,"JOHNSON CITY-KINGSPORT-BRISTOL, TN-VA","Johnson City, TN"
