CSAFP,CBSAFP,AFFGEOID,GEOID,NAME,LSAD,ALAND,AWATER,Distance,metcode2,share_evac_morg,share_evac_asec,kat_affected,treat,treat_expanded,control
,38380,310M300US38380,38380,"Plainview, TX",M2,2602115387,246678,12.5882472297,,,,,,,
,12260,310M300US12260,12260,"Augusta-Richmond County, GA-SC",M1,9015004607,262744092,8.72265236964,60,.0035482734,.014599974,0,0,0,0
,29860,310M300US29860,29860,"Laurel, MS",M2,3551010334,15858394,2.075234222,,,,,,,
268,15500,310M300US15500,15500,"Burlington, NC",M1,1096654283,28025249,12.2049618277,,,,,,,
,28540,310M300US28540,28540,"Ketchikan, AK",M2,12583212278,4649427959,48.3701655884,,,,,,,
184,10420,310M300US10420,10420,"Akron, OH",M1,2331619576,62018442,14.1548503114,8,0,0,0,0,0,1
314,28940,310M300US28940,28940,"Knoxville, TN",M1,9066730517,386376865,8.45303444737,384,,0,0,,,
258,26540,310M300US26540,26540,"Huntington, IN",M2,991054480,13135918,11.7994252691,,,,,,,
145,14010,310M300US14010,14010,"Bloomington, IL",M1,4094504739,27082488,10.5615667902,,,,,,,
232,32860,310M300US32860,32860,"Menomonie, WI",M2,2201887880,35599148,15.1676489395,,,,,,,
,45020,310M300US45020,45020,"Sweetwater, TX",M2,2362061739,5052158,10.7298442388,,,,,,,
,21380,310M300US21380,21380,"Emporia, KS",M2,2194958186,20561715,10.5651283158,,,,,,,
438,38860,310M300US38860,38860,"Portland-South Portland, ME",M1,5388302567,2011818508,23.878295653,,,,,,,
,16580,310M300US16580,16580,"Champaign-Urbana, IL",M1,4975404702,7982328,10.4535520682,140,,0,0,,,
,21840,310M300US21840,21840,"Fairfield, IA",M2,1127979901,3523325,11.3053205002,,,,,,,
120,11700,310M300US11700,11700,"Asheville, NC",M1,5264508807,21759467,9.23166183014,48,,0,0,,,
,47380,310M300US47380,47380,"Waco, TX",M1,4668697168,81527160,7.30248899782,880,,0,0,,,
,16660,310M300US16660,16660,"Charleston-Mattoon, IL",M2,2212662275,7163097,9.67006097463,,,,,,,
294,24700,310M300US24700,24700,"Greensburg, IN",M2,964946206,1955471,10.4009001547,,,,,,,
,32380,310M300US32380,32380,"Mason City, IA",M2,2508196658,22377392,13.7054262932,,,,,,,
520,44180,310M300US44180,44180,"Springfield, MO",M1,7787627641,35981602,8.12622354066,792,,0,0,,,
309,33060,310M300US33060,33060,"Miami, OK",M2,1219467500,35708902,8.46618800805,,,,,,,
,43320,310M300US43320,43320,"Show Low, AZ",M2,25770094276,24078111,21.1016652295,,,,,,,
284,26300,310M300US26300,26300,"Hot Springs, AR",M1,1755530788,147143529,5.66418246549,,,,,,,
266,24340,310M300US24340,24340,"Grand Rapids-Wyoming, MI",M1,6914590731,2930527343,13.8325701089,300,0,0,0,0,0,1
440,41420,310M300US41420,41420,"Salem, OR",M1,4976588654,34726553,36.2079756919,708,0,0,0,0,0,1
,11620,310M300US11620,11620,"Ardmore, OK",M2,2129427858,30013356,8.52856528726,,,,,,,
360,31900,310M300US31900,31900,"Mansfield, OH",M1,1282720855,12470884,13.1555977728,,,,,,,
212,46500,310M300US46500,46500,"Urbana, OH",M2,1109623490,3639845,11.9532593827,,,,,,,
406,35380,310M300US35380,35380,"New Orleans-Metairie, LA",M1,8293515312,12101294981,0,556,.47551849,.53590262,1,0,0,0
,37660,310M300US37660,37660,"Parsons, KS",M2,1671305472,20261427,9.03956884159,,,,,,,
536,46060,310M300US46060,46060,"Tucson, AZ",M1,23794775138,5273054,21.9515214594,852,0,0,0,0,0,1
212,19380,310M300US19380,19380,"Dayton, OH",M1,3320017396,21705369,11.4986604443,200,.0039970158,.013230626,0,0,,0
358,27920,310M300US27920,27920,"Junction City, KS",M2,996162685,51451918,11.3608237455,,,,,,,
,22540,310M300US22540,22540,"Fond du Lac, WI",M1,1863637591,119883181,13.9253743301,,,,,,,
,22820,310M300US22820,22820,"Fort Morgan, CO",M2,3316441508,34663099,17.3047760927,,,,,,,
148,39300,310M300US39300,39300,"Providence-Warwick, RI-MA",M1,4110381239,1681099597,21.9906129293,,,,,,,
,43760,310M300US43760,43760,"Sonora, CA",M2,5752184086,138627184,31.08701757,,,,,,,
144,14020,310M300US14020,14020,"Bloomington, IN",M1,2019733436,50045972,9.88690202729,102,,0,0,,,
,42540,310M300US42540,42540,"Scranton--Wilkes-Barre--Hazleton, PA",M1,4523207858,77170602,18.1068005993,756,0,0,0,0,0,1
515,21140,310M300US21140,21140,"Elkhart-Goshen, IN",M1,1199614702,12423390,12.3872260167,,,,,,,
500,42660,310M300US42660,42660,"Seattle-Tacoma-Bellevue, WA",M1,15204949013,1134401546,36.4637877933,760,.00069221231,0,0,0,0,
,22380,310M300US22380,22380,"Flagstaff, AZ",M1,48222118167,110085802,22.6151279238,,,,,,,
142,18980,310M300US18980,18980,"Cullman, AL",M2,1903376541,52118974,5.23047030621,,,,,,,
,13700,310M300US13700,13700,"Big Spring, TX",M2,4664592112,11087082,11.7352591725,,,,,,,
,22260,310M300US22260,22260,"Fergus Falls, MN",M2,5107557096,653980190,17.4804186661,,,,,,,
118,11540,310M300US11540,11540,"Appleton, WI",M1,2475494070,222456572,14.4700323984,46,0,0,0,0,0,1
,16220,310M300US16220,16220,"Casper, WY",M1,13831831163,91066465,21.3177897558,,,,,,,
218,11180,310M300US11180,11180,"Ames, IA",M1,1483235262,2509634,12.6309819012,,,,,,,
482,44920,310M300US44920,44920,"Summit Park, UT",M2,4844781940,26612504,23.6964632824,,,,,,,
,10180,310M300US10180,10180,"Abilene, TX",M1,7105577371,36847363,10.095808529,,,,,,,
220,22420,310M300US22420,22420,"Flint, MI",M1,1649729500,32693085,14.5263645329,264,,0,0,,,
450,20380,310M300US20380,20380,"Dunn, NC",M2,1541077415,16400845,12.3521817097,,,,,,,
378,22060,310M300US22060,22060,"Faribault-Northfield, MN",M2,1284229903,52055569,14.8325038876,,,,,,,
267,43020,310M300US43020,43020,"Shawano, WI",M2,3239578623,60995753,14.994027157,,,,,,,
454,39780,310M300US39780,39780,"Red Bluff, CA",M2,7639720404,32276063,33.8652679054,,,,,,,
266,26960,310M300US26960,26960,"Ionia, MI",M2,1479671935,22641047,13.921191464,,,,,,,
,38260,310M300US38260,38260,"Pittsburg, KS",M2,1527463438,13609426,9.04674777038,,,,,,,
,45520,310M300US45520,45520,"The Dalles, OR",M2,6167121090,35716361,34.7476763499,,,,,,,
,41460,310M300US41460,41460,"Salina, KS",M2,3732070899,4371297,11.8867789478,,,,,,,
332,29420,310M300US29420,29420,"Lake Havasu City-Kingman, AZ",M1,34475567011,387344307,24.5065541504,,,,,,,
,43660,310M300US43660,43660,"Snyder, TX",M2,2345090493,5436958,11.3305281561,,,,,,,
372,36220,310M300US36220,36220,"Odessa, TX",M1,2325100483,10596946,12.7473981027,,,,,,,
206,33420,310M300US33420,33420,"Mineral Wells, TX",M2,2466313772,86141064,8.83701985656,,,,,,,
,47620,310M300US47620,47620,"Warren, PA",M2,2289914221,37352304,15.9922461964,,,,,,,
400,30280,310M300US30280,30280,"Lewisburg, TN",M2,972442312,1801922,6.40922621893,,,,,,,
118,36780,310M300US36780,36780,"Oshkosh-Neenah, WI",M1,1125314825,373176737,14.2238678232,46,0,0,0,0,0,1
108,14420,310M300US14420,14420,"Borger, TX",M2,2298408146,19507501,12.8586276202,,,,,,,
,23240,310M300US23240,23240,"Fredericksburg, TX",M2,2740756112,8982900,9.00848230964,,,,,,,
,48100,310M300US48100,48100,"Wauchula, FL",M2,1651867900,1439673,8.48804084942,,,,,,,
316,37940,310M300US37940,37940,"Peru, IN",M2,968246955,9184624,11.5443655761,,,,,,,
,17820,310M300US17820,17820,"Colorado Springs, CO",M1,6951226923,12053395,17.2131753076,172,0,0,0,0,0,1
248,45660,310M300US45660,45660,"Tiffin, OH",M2,1427146050,4582482,13.1293657939,,,,,,,
,42740,310M300US42740,42740,"Sedalia, MO",M2,1766949639,10503983,9.43337829058,,,,,,,
450,25780,310M300US25780,25780,"Henderson, NC",M2,653705786,42187365,13.2250106049,,,,,,,
144,13260,310M300US13260,13260,"Bedford, IN",M2,1163367147,7122898,9.58424654311,,,,,,,
,42020,310M300US42020,42020,"San Luis Obispo-Paso Robles-Arroyo Grande, CA",M1,8548640337,815490673,30.9458987832,746,,0,0,,,
554,44620,310M300US44620,44620,"Stevens Point, WI",M2,2074100548,56938133,14.5774240299,,,,,,,
284,31680,310M300US31680,31680,"Malvern, AR",M2,1593379454,18035696,5.33468667677,,,,,,,
,33580,310M300US33580,33580,"Mitchell, SD",M2,2253330418,5924177,15.9346353455,,,,,,,
,44740,310M300US44740,44740,"Storm Lake, IA",M2,1488989045,13791664,13.8455439462,,,,,,,
423,37800,310M300US37800,37800,"Pella, IA",M2,1436124183,41487001,11.8561836872,,,,,,,
212,24820,310M300US24820,24820,"Greenville, OH",M2,1549120893,4245786,11.5334211369,,,,,,,
176,28100,310M300US28100,28100,"Kankakee, IL",M1,1752310523,12413735,11.4247014801,374,,0,0,,,
320,23140,310M300US23140,23140,"Frankfort, IN",M2,1049119210,461117,10.9618668789,,,,,,,
,21660,310M300US21660,21660,"Eugene, OR",M1,11799215321,437134106,35.7676680606,240,.0048467917,0,0,0,0,
,28060,310M300US28060,28060,"Kalispell, MT",M2,13175875606,437083869,30.3164797151,,,,,,,
423,36820,310M300US36820,36820,"Oskaloosa, IA",M2,1478527855,6564804,11.7433701821,,,,,,,
106,31060,310M300US31060,31060,"Los Alamos, NM",M2,282784643,229865,17.4123591974,,,,,,,
,16100,310M300US16100,16100,"Carlsbad-Artesia, NM",M2,10816737062,56443962,14.5841366374,,,,,,,
312,47660,310M300US47660,47660,"Warrensburg, MO",M2,2147833553,10122996,9.64448193818,,,,,,,
548,12580,310M300US12580,12580,"Baltimore-Columbia-Towson, MD",M1,6737904423,1304081566,16.3607963196,72,0,0,0,0,0,1
,17500,310M300US17500,17500,"Clewiston, FL",M2,2994812007,86844519,9.40017072137,,,,,,,
,40060,310M300US40060,40060,"Richmond, VA",M1,11852491258,327650564,14.5848193302,676,.0016920598,0,0,0,0,
,25700,310M300US25700,25700,"Hays, KS",M2,2330762263,1197085,12.9987714247,,,,,,,
,22700,310M300US22700,22700,"Fort Dodge, IA",M2,1853443705,7277624,13.2195172282,,,,,,,
,32300,310M300US32300,32300,"Martinsville, VA",M2,1018649318,5415311,12.1420699172,,,,,,,
,25740,310M300US25740,25740,"Helena, MT",M2,13248828617,107701519,28.0237182512,,,,,,,
,49380,310M300US49380,49380,"Worthington, MN",M2,1852113586,19287319,14.9432987041,,,,,,,
472,40900,310M300US40900,40900,"Sacramento--Roseville--Arden-Arcade, CA",M1,13195122787,548518656,32.2931813144,692,0,0,0,0,0,1
,42200,310M300US42200,42200,"Santa Maria-Santa Barbara, CA",M1,7084000598,2729814515,30.4428171748,,,,,,,
368,32820,310M300US32820,32820,"Memphis, TN-MS-AR",M1,12912688211,317072995,5.10467522161,492,.0096115796,.0081782136,0,0,1,0
310,28020,310M300US28020,28020,"Kalamazoo-Portage, MI",M1,3030231868,1295552287,13.0272352437,372,,0,0,,,
,20820,310M300US20820,20820,"Effingham, IL",M2,1240027660,3183217,9.25473667731,,,,,,,
309,27900,310M300US27900,27900,"Joplin, MO",M1,3271758239,11950922,8.39303561489,371,,0,0,,,
,18420,310M300US18420,18420,"Corinth, MS",M2,1036100568,3417891,5.16058930116,,,,,,,
,19500,310M300US19500,19500,"Decatur, IL",M1,1503973502,13409564,10.0038935795,204,,0,0,,,
,25580,310M300US25580,25580,"Hastings, NE",M2,1458869092,2481410,13.6359209945,,,,,,,
,48820,310M300US48820,48820,"Willmar, MN",M2,2064978239,168506888,16.0647431179,,,,,,,
298,15020,310M300US15020,15020,"Brookhaven, MS",M2,1518055421,5309826,1.70455026457,,,,,,,
198,13340,310M300US13340,13340,"Bellefontaine, OH",M2,1187336848,21598324,12.1708267464,,,,,,,
,28260,310M300US28260,28260,"Kearney, NE",M2,3844421276,19189239,14.1351592769,,,,,,,
294,18820,310M300US18820,18820,"Crawfordsville, IN",M2,1306954200,2144021,10.5857793479,,,,,,,
488,41860,310M300US41860,41860,"San Francisco-Oakland-Hayward, CA",M1,6417349550,2456292707,33.1679632707,736,0,.0012566989,0,0,0,
300,27260,310M300US27260,27260,"Jacksonville, FL",M1,8293158450,1285728043,8.16219799777,359,.0016998501,.0093685761,0,0,,0
312,36840,310M300US36840,36840,"Ottawa, KS",M2,1480858186,13918274,10.172901131,,,,,,,
360,15340,310M300US15340,15340,"Bucyrus, OH",M2,1040619676,2359515,13.0077178595,,,,,,,
198,15740,310M300US15740,15740,"Cambridge, OH",M2,1352631187,15666075,13.2072026016,,,,,,,
221,19940,310M300US19940,19940,"Dixon, IL",M2,1877371253,10599322,11.8591573948,,,,,,,
,19860,310M300US19860,19860,"Dickinson, ND",M2,3457000580,14109029,21.1491538799,,,,,,,
427,37900,310M300US37900,37900,"Peoria, IL",M1,6394053958,127614012,10.8929219618,612,,0,0,,,
,49300,310M300US49300,49300,"Wooster, OH",M2,1437257217,4885102,13.5759678316,,,,,,,
454,39820,310M300US39820,39820,"Redding, CA",M1,9778179454,186530168,33.8805862822,,,,,,,
294,35220,310M300US35220,35220,"New Castle, IN",M2,1014954779,7655158,11.0109375575,,,,,,,
168,16300,310M300US16300,16300,"Cedar Rapids, IA",M1,5202728160,29042033,12.3024748866,136,0,0,0,0,0,1
298,46980,310M300US46980,46980,"Vicksburg, MS",M2,2786645442,113512128,2.46299211951,,,,,,,
558,30820,310M300US30820,30820,"Lock Haven, PA",M2,2299868230,23178794,16.7296739118,,,,,,,
428,39740,310M300US39740,39740,"Reading, PA",M1,2218040262,24252061,17.5243527125,668,,0,0,,,
,33500,310M300US33500,33500,"Minot, ND",M2,12339227108,248796580,21.5838278555,,,,,,,
,47940,310M300US47940,47940,"Waterloo-Cedar Falls, IA",M1,3893052473,28123687,12.8809995899,892,,0,0,,,
412,11580,310M300US11580,11580,"Arcadia, FL",M2,1649978040,6247257,8.58003045357,,,,,,,
,41500,310M300US41500,41500,"Salinas, CA",M1,8496669426,1270747469,31.9212089502,712,,0,0,,,
448,25300,310M300US25300,25300,"Hannibal, MO",M2,2348355014,55510742,9.89000347757,,,,,,,
,13620,310M300US13620,13620,"Berlin, NH-VT",M2,6366631044,121238181,23.708923436,,,,,,,
212,44220,310M300US44220,44220,"Springfield, OH",M1,1029469371,13070242,11.7573667114,200,.0039970158,.013230626,0,0,,0
372,33260,310M300US33260,33260,"Midland, TX",M1,4701372177,6452583,12.2398681161,580,,0,0,,,
273,24860,310M300US24860,24860,"Greenville-Anderson-Mauldin, SC",M1,7020913087,200411862,8.9224830876,316,0,0,0,0,0,1
,24460,310M300US24460,24460,"Great Bend, KS",M2,2319076869,13555398,12.2925195258,,,,,,,
348,40140,310M300US40140,40140,"Riverside-San Bernardino-Ontario, CA",M1,70612327324,374771978,26.5913327983,678,.0012154902,.0019252808,0,0,0,0
,35740,310M300US35740,35740,"Norfolk, NE",M2,4076485455,18404445,14.2911123206,,,,,,,
424,32460,310M300US32460,32460,"Mayfield, KY",M2,1429026032,13047565,6.94042489946,,,,,,,
380,19300,310M300US19300,19300,"Daphne-Fairhope-Foley, AL",M1,4117584019,1133130502,2.37236805263,,,,,,,
232,20740,310M300US20740,20740,"Eau Claire, WI",M1,4263831056,104078615,15.0933934028,229,,0,0,,,
240,32740,310M300US32740,32740,"Meadville, PA",M2,2621846809,65303124,15.3503039472,,,,,,,
352,30220,310M300US30220,30220,"Levelland, TX",M2,2352723913,446119,12.9366593425,,,,,,,
408,35620,310M300US35620,35620,"New York-Newark-Jersey City, NY-NJ-PA",M1,21482849462,6685318568,19.3131327908,560,0,.0004616557,0,0,0,
378,26780,310M300US26780,26780,"Hutchinson, MN",M2,1272931184,36379308,15.5330629847,,,,,,,
428,37980,310M300US37980,37980,"Philadelphia-Camden-Wilmington, PA-NJ-DE-MD",M1,11920765097,693469787,17.7331349278,616,0,0,0,0,0,1
288,26420,310M300US26420,26420,"Houston-The Woodlands-Sugar Land, TX",M1,21395421889,3063997719,5.45308462229,336,.018915894,.021975067,0,1,1,0
296,27060,310M300US27060,27060,"Ithaca, NY",M1,1229335153,43793781,18.4114583904,,,,,,,
,42380,310M300US42380,42380,"Sayre, PA",M2,2971750814,35275587,17.9345568018,,,,,,,
184,15940,310M300US15940,15940,"Canton-Massillon, OH",M1,2512120681,24803479,13.875447207,132,,0,0,,,
,31380,310M300US31380,31380,"Macomb, IL",M2,1526558088,2012555,10.5771572123,,,,,,,
,14620,310M300US14620,14620,"Bradford, PA",M2,2536105992,13010718,16.4666996194,,,,,,,
464,42900,310M300US42900,42900,"Seneca Falls, NY",M2,838403626,172828921,18.3856367848,,,,,,,
,21860,310M300US21860,21860,"Fairmont, MN",M2,1844947506,44649915,14.5185570517,,,,,,,
,10820,310M300US10820,10820,"Alexandria, MN",M2,1649943521,214860990,16.9483682677,,,,,,,
394,34380,310M300US34380,34380,"Mount Pleasant, MI",M2,1483226454,12959626,14.6524308531,,,,,,,
,21260,310M300US21260,21260,"Ellensburg, WA",M2,5949981163,92431795,35.2272551533,,,,,,,
,28820,310M300US28820,28820,"Kinston, NC",M2,1033630023,5900300,13.4128795725,,,,,,,
,26700,310M300US26700,26700,"Huron, SD",M2,3260033444,15817538,16.7310150216,,,,,,,
,47980,310M300US47980,47980,"Watertown, SD",M2,1782118025,75327848,16.7220739748,,,,,,,
,37740,310M300US37740,37740,"Payson, AZ",M2,12323144911,97121333,21.2244969203,,,,,,,
222,37120,310M300US37120,37120,"Ozark, AL",M2,1453310172,4016457,4.59765332773,,,,,,,
184,11780,310M300US11780,11780,"Ashtabula, OH",M2,1818008351,1724849868,14.9642398751,,,,,,,
,29500,310M300US29500,29500,"Lamesa, TX",M2,2331781557,4720730,12.3309161969,,,,,,,
518,44060,310M300US44060,44060,"Spokane-Spokane Valley, WA",M1,14611621694,271712457,33.1296234188,784,0,0,0,0,0,1
339,13100,310M300US13100,13100,"Beatrice, NE",M2,2205277881,22010737,12.3579025107,,,,,,,
,19980,310M300US19980,19980,"Dodge City, KS",M2,2844508243,2097359,12.6272913296,,,,,,,
,44260,310M300US44260,44260,"Starkville, MS",M2,1186750731,9649656,3.67867854928,,,,,,,
188,17580,310M300US17580,17580,"Clovis, NM",M2,3640111191,8177604,14.1893924883,,,,,,,
515,43780,310M300US43780,43780,"South Bend-Mishawaka, IN-MI",M1,2455267302,56251230,12.4665062672,780,,0,0,,,
,40620,310M300US40620,40620,"Rolla, MO",M2,1739898251,6587832,8.1830065642,,,,,,,
554,48140,310M300US48140,48140,"Wausau, WI",M1,4001539250,81145909,14.994211518,894,,0,0,,,
,15620,310M300US15620,15620,"Cadillac, MI",M2,2925987058,50674247,15.1520077591,,,,,,,
,48220,310M300US48220,48220,"Weatherford, OK",M2,2561032754,34321688,10.7165384902,,,,,,,
104,11220,310M300US11220,11220,"Amsterdam, NY",M2,1044067732,18598434,20.2343053685,,,,,,,
216,24540,310M300US24540,24540,"Greeley, CO",M1,10326716698,76543505,17.946829374,306,0,0,0,0,0,1
260,23420,310M300US23420,23420,"Fresno, CA",M1,15433177265,135374444,30.4821276612,284,0,0,0,0,0,1
,32260,310M300US32260,32260,"Marshalltown, IA",M2,1482776070,1803080,12.5089183803,,,,,,,
294,34620,310M300US34620,34620,"Muncie, IN",M1,1015607220,9792807,11.2814995782,,,,,,,
376,13180,310M300US13180,13180,"Beaver Dam, WI",M2,2267985236,81403926,13.567792932,,,,,,,
,19180,310M300US19180,19180,"Danville, IL",M1,2326763524,7534491,10.514823146,,,,,,,
218,14340,310M300US14340,14340,"Boone, IA",M2,1480363619,5358112,12.7691036051,,,,,,,
,29460,310M300US29460,29460,"Lakeland-Winter Haven, FL",M1,4653579442,553462052,8.47935219909,398,,0,0,,,
190,33020,310M300US33020,33020,"Mexico, MO",M2,1792880227,11880946,9.50195563964,,,,,,,
496,42340,310M300US42340,42340,"Savannah, GA",M1,3478688626,586682078,8.92795125924,752,0,0,0,0,0,1
,19580,310M300US19580,19580,"Defiance, OH",M2,1065649893,7073999,12.6561079686,,,,,,,
476,16460,310M300US16460,16460,"Centralia, IL",M2,1482442355,9487928,8.80512278685,,,,,,,
,25820,310M300US25820,25820,"Hereford, TX",M2,3876750572,3926557,13.6315527222,,,,,,,
472,46020,310M300US46020,46020,"Truckee-Grass Valley, CA",M2,2480606160,41513172,32.2211195938,,,,,,,
,22340,310M300US22340,22340,"Fitzgerald, GA",M2,647809457,9807028,6.97853427909,,,,,,,
,46620,310M300US46620,46620,"Uvalde, TX",M2,4019519701,17321922,9.82976733683,,,,,,,
,43980,310M300US43980,43980,"Spencer, IA",M2,1469139466,13866649,14.1677072285,,,,,,,
236,21300,310M300US21300,21300,"Elmira, NY",M1,1055038643,8874334,17.9902767907,,,,,,,
554,49220,310M300US49220,49220,"Wisconsin Rapids-Marshfield, WI",M2,2053716150,42292545,14.5508463601,,,,,,,
,48460,310M300US48460,48460,"West Plains, MO",M2,2401562305,2913502,7.1372634465,,,,,,,
474,33220,310M300US33220,33220,"Midland, MI",M1,1337099821,30589808,14.8240175671,,,,,,,
316,29020,310M300US29020,29020,"Kokomo, IN",M1,758858972,2394185,11.2511510408,,,,,,,
,20340,310M300US20340,20340,"Duncan, OK",M2,2253930695,54690951,9.13506344505,,,,,,,
185,26940,310M300US26940,26940,"Indianola, MS",M2,1807187009,23747315,3.75220385699,,,,,,,
,30580,310M300US30580,30580,"Liberal, KS",M2,1655865961,2777350,13.1146224856,,,,,,,
266,26090,310M300US26090,26090,"Holland, MI",M2,2137349551,2610845118,13.3201801394,,,,,,,
476,22100,310M300US22100,22100,"Farmington, MO",M2,1170437420,7160607,7.92314449951,,,,,,,
482,25720,310M300US25720,25720,"Heber, UT",M2,3048434118,79148386,23.6445047925,,,,,,,
184,35940,310M300US35940,35940,"Norwalk, OH",M2,1272965337,8615925,13.4308981353,,,,,,,
,36940,310M300US36940,36940,"Owatonna, MN",M2,1112775704,6976791,14.493273268,,,,,,,
,20300,310M300US20300,20300,"Dumas, TX",M2,2330188757,25718180,13.3374690785,,,,,,,
146,30260,310M300US30260,30260,"Lewisburg, PA",M2,818399144,4639329,16.9803115935,,,,,,,
,26740,310M300US26740,26740,"Hutchinson, KS",M2,3251332269,43417478,11.4456290168,,,,,,,
,18740,310M300US18740,18740,"Coshocton, OH",M2,1460530890,9243185,13.1359249387,,,,,,,
204,10860,310M300US10860,10860,"Alice, TX",M2,2240778098,8739522,8.42732708002,,,,,,,
338,16380,310M300US16380,16380,"Celina, OH",M2,1197738405,28425902,11.8911757441,,,,,,,
338,30620,310M300US30620,30620,"Lima, OH",M1,1042470095,11266164,12.3374860561,,,,,,,
545,47260,310M300US47260,47260,"Virginia Beach-Norfolk-Newport News, VA-NC",M1,6948562550,3237680821,15.17012494,572,.0010403342,.0035180987,0,0,0,0
140,39260,310M300US39260,39260,"Prineville, OR",M2,7715294911,21091929,33.5761921909,,,,,,,
122,16340,310M300US16340,16340,"Cedartown, GA",M2,803772833,4667496,6.28013451185,,,,,,,
,41700,310M300US41700,41700,"San Antonio-New Braunfels, TX",M1,18939926777,150513456,8.66746688202,724,0,0,0,0,0,1
,45500,310M300US45500,45500,"Texarkana, TX-AR",M1,5290955790,213758226,5.56239641631,,,,,,,
422,36740,310M300US36740,36740,"Orlando-Kissimmee-Sanford, FL",M1,9016616677,1373232317,8.70982025687,596,.0010545973,0,0,0,0,
352,31180,310M300US31180,31180,"Lubbock, TX",M1,6961013637,21260554,12.2277606812,460,,0,0,,,
294,26900,310M300US26900,26900,"Indianapolis-Carmel-Anderson, IN",M1,11153822691,88553190,10.5298193955,348,0,0,0,0,0,1
,25620,310M300US25620,25620,"Hattiesburg, MS",M1,4170802047,27227155,1.47028449558,,,,,,,
548,47900,310M300US47900,47900,"Washington-Arlington-Alexandria, DC-VA-MD-WV",M1,16178790312,1123357368,15.3397955951,884,.00027522974,.00053113524,0,0,0,0
198,47920,310M300US47920,47920,"Washington Court House, OH",M2,1052470875,1693045,11.6348351054,,,,,,,
148,14460,310M300US14460,14460,"Boston-Cambridge-Newton, MA-NH",M1,9028347170,2655405605,22.7004303447,,,,,,,
,28500,310M300US28500,28500,"Kerrville, TX",M2,2857602004,10247343,9.40280540638,,,,,,,
,49080,310M300US49080,49080,"Winnemucca, NV",M2,24969533278,44196979,30.422445911,,,,,,,
320,29200,310M300US29200,29200,"Lafayette-West Lafayette, IN",M1,3311166834,16373696,11.0304879118,,,,,,,
,47340,310M300US47340,47340,"Wabash, IN",M2,1068206218,22115988,11.7027980459,,,,,,,
515,38500,310M300US38500,38500,"Plymouth, IN",M2,1148993902,15834723,12.000179388,,,,,,,
,30860,310M300US30860,30860,"Logan, UT-ID",M1,4734398191,33245850,24.8958225501,,,,,,,
294,35860,310M300US35860,35860,"North Vernon, IN",M2,975364209,4546213,10.0665221143,,,,,,,
522,30660,310M300US30660,30660,"Lincoln, IL",M2,1600758860,2252736,10.2361837195,,,,,,,
,32700,310M300US32700,32700,"McPherson, KS",M2,2326520576,6030190,11.4593936619,,,,,,,
,21740,310M300US21740,21740,"Evanston, WY",M2,5391911951,16345637,23.5352976079,,,,,,,
,16140,310M300US16140,16140,"Carroll, IA",M2,1474835092,2145349,13.0882805375,,,,,,,
176,36860,310M300US36860,36860,"Ottawa-Peru, IL",M2,5605589853,76514734,11.4784375615,,,,,,,
330,29620,310M300US29620,29620,"Lansing-East Lansing, MI",M1,4397041594,44017378,13.8777864863,404,,0,0,,,
,30900,310M300US30900,30900,"Logansport, IN",M2,1067475977,6974424,11.4386411564,,,,,,,
440,10540,310M300US10540,10540,"Albany, OR",M1,5923493230,50497756,35.7009319913,,,,,,,
339,30700,310M300US30700,30700,"Lincoln, NE",M1,3649230868,34424716,12.9254417842,436,,,,,,
,43620,310M300US43620,43620,"Sioux Falls, SD",M1,6671079054,27077952,15.3105586327,776,0,0,0,0,0,1
248,22300,310M300US22300,22300,"Findlay, OH",M2,1376210233,5959837,12.7514570601,,,,,,,
324,29340,310M300US29340,29340,"Lake Charles, LA",M1,6084375071,1765731267,3.3142252899,396,,.065696619,1,,,
,22900,310M300US22900,22900,"Fort Smith, AR-OK",M1,8768747252,226672113,7.01912270553,272,,0,0,,,
108,11100,310M300US11100,11100,"Amarillo, TX",M1,13338876050,87047156,13.1020208971,32,,0,0,,,
357,12660,310M300US12660,12660,"Baraboo, WI",M2,2153654529,45723565,13.5217193217,,,,,,,
450,20500,310M300US20500,20500,"Durham-Chapel Hill, NC",M1,4552498297,141077182,12.438620369,664,0,0,0,0,0,1
184,17460,310M300US17460,17460,"Cleveland-Elyria, OH",M1,5177650833,5128885210,14.1375362415,168,0,0,0,0,0,1
,13980,310M300US13980,13980,"Blacksburg-Christiansburg-Radford, VA",M1,3763221778,46075636,11.8621486422,,,,,,,
174,16860,310M300US16860,16860,"Chattanooga, TN-GA",M1,5410482115,126482495,6.89568771694,156,0,0,0,0,0,1
544,38920,310M300US38920,38920,"Port Lavaca, TX",M2,1312707024,1361884769,6.80285457935,,,,,,,
,48660,310M300US48660,48660,"Wichita Falls, TX",M1,6784786637,144176905,9.37934421555,,,,,,,
,37420,310M300US37420,37420,"Pampa, TX",M2,2398261671,8700791,12.1761020124,,,,,,,
394,10940,310M300US10940,10940,"Alma, MI",M2,1472309904,8154670,14.4149210752,,,,,,,
366,24420,310M300US24420,24420,"Grants Pass, OR",M1,4244087602,5629247,35.84336013,,,,,,,
198,32020,310M300US32020,32020,"Marion, OH",M2,1045726876,908577,12.6568093163,,,,,,,
,48300,310M300US48300,48300,"Wenatchee, WA",M1,12277685409,266127047,35.2147421121,,,,,,,
,41660,310M300US41660,41660,"San Angelo, TX",M1,6665423693,48281360,10.8235987827,,,,,,,
310,12980,310M300US12980,12980,"Battle Creek, MI",M1,1829249870,31275675,13.2945182042,,,,,,,
266,13660,310M300US13660,13660,"Big Rapids, MI",M2,1437626842,41759537,14.4930403481,,,,,,,
,13740,310M300US13740,13740,"Billings, MT",M1,15166731286,77167965,24.5833772134,88,0,0,0,0,0,1
376,48020,310M300US48020,48020,"Watertown-Fort Atkinson, WI",M2,1441229971,68096645,13.1680119364,,,,,,,
420,23340,310M300US23340,23340,"Fremont, NE",M2,1369377419,36983845,13.4624467497,,,,,,,
,29660,310M300US29660,29660,"Laramie, WY",M2,11070455498,89161368,19.6706586414,,,,,,,
258,28340,310M300US28340,28340,"Kendallville, IN",M2,1064072501,17073555,12.3541822814,,,,,,,
536,35700,310M300US35700,35700,"Nogales, AZ",M2,3203613249,3088046,20.961692626,,,,,,,
,27420,310M300US27420,27420,"Jamestown, ND",M2,5754255233,197312589,19.3064358955,,,,,,,
,15060,310M300US15060,15060,"Brookings, OR",M2,4217640656,934462436,36.4389396193,,,,,,,
198,34540,310M300US34540,34540,"Mount Vernon, OH",M2,1361054324,10718576,12.9132456882,,,,,,,
458,18220,310M300US18220,18220,"Connersville, IN",M2,556901540,366408,10.8405518473,,,,,,,
172,16740,310M300US16740,16740,"Charlotte-Concord-Gastonia, NC-SC",M1,13117140539,291022927,10.5061982417,152,0,0,0,0,0,1
,29100,310M300US29100,29100,"La Crosse-Onalaska, WI-MN",M1,2599815191,116650677,13.9420689183,387,,0,0,,,
500,16500,310M300US16500,16500,"Centralia, WA",M2,6223242260,86862888,36.4773656621,,,,,,,
147,14260,310M300US14260,14260,"Boise City, ID",M1,30471888466,174451544,29.2933850037,108,0,0,0,0,0,1
,28660,310M300US28660,28660,"Killeen-Temple, TX",M1,7293593806,109954579,7.94750307947,381,,0,0,,,
,11660,310M300US11660,11660,"Arkadelphia, AR",M2,2243121980,43395986,5.25521989774,,,,,,,
365,32580,310M300US32580,32580,"McAllen-Edinburg-Mission, TX",M1,4068610438,31102594,8.94987476121,488,0,0,0,0,0,1
358,31740,310M300US31740,31740,"Manhattan, KS",M1,3757557441,85632020,11.4947561697,,,,,,,
,21780,310M300US21780,21780,"Evansville, IN-KY",M1,3793163378,125457301,8.40692918816,244,,0,0,,,
206,43300,310M300US43300,43300,"Sherman-Denison, TX",M1,2415996248,120112400,7.69073597436,,,,,,,
420,36540,310M300US36540,36540,"Omaha-Council Bluffs, NE-IA",M1,11266397269,148187142,12.8937425797,592,0,0,0,0,0,1
416,36420,310M300US36420,36420,"Oklahoma City, OK",M1,14275025144,181554388,9.36055009049,588,0,0,0,0,0,1
,21980,310M300US21980,21980,"Fallon, NV",M2,12770128151,242405502,29.9924339843,,,,,,,
,32100,310M300US32100,32100,"Marquette, MI",M2,4683963838,4185358819,16.686749138,,,,,,,
512,43580,310M300US43580,43580,"Sioux City, IA-NE-SD",M1,7606651304,57004554,14.2095069488,,,,,,,
178,17140,310M300US17140,17140,"Cincinnati, OH-KY-IN",M1,10788977492,192041322,10.7007932915,164,.001684331,.0027419629,0,0,0,0
258,23060,310M300US23060,23060,"Fort Wayne, IN",M1,3524916108,18669918,12.0668848952,276,,0,0,,,
122,15660,310M300US15660,15660,"Calhoun, GA",M2,921538730,5787828,6.84643205544,,,,,,,
,42700,310M300US42700,42700,"Sebring, FL",M1,2632946297,231658824,8.98032685679,,,,,,,
,38060,310M300US38060,38060,"Phoenix-Mesa-Scottsdale, AZ",M1,37723279086,86710067,22.3645872233,620,0,0,0,0,0,1
534,45780,310M300US45780,45780,"Toledo, OH",M1,3531410501,673671125,13.1317905465,840,0,0,0,0,0,1
,26140,310M300US26140,26140,"Homosassa Springs, FL",M1,1507099402,495590953,7.54393885091,,,,,,,
,27540,310M300US27540,27540,"Jasper, IN",M2,1972310844,38628458,8.96130380553,,,,,,,
,42300,310M300US42300,42300,"Sault Ste. Marie, MI",M2,4036315424,2952479423,17.2571845939,,,,,,,
310,44780,310M300US44780,44780,"Sturgis, MI",M2,1296553523,52912989,12.7970213344,,,,,,,
,27580,310M300US27580,27580,"Jayuya, PR",M2,115340552,3091,26.1233186226,,,,,,,
452,43940,310M300US43940,43940,"Spearfish, SD",M2,2072081400,713642,20.0145094983,,,,,,,
430,26860,310M300US26860,26860,"Indiana, PA",M2,2142009116,18802621,15.279268292,,,,,,,
366,32780,310M300US32780,32780,"Medford, OR",M1,7208499990,46860048,35.0926862477,489,,0,0,,,
,47080,310M300US47080,47080,"Vidalia, GA",M2,1563141027,31477093,7.86080508214,,,,,,,
,31260,310M300US31260,31260,"Lufkin, TX",M2,2066240089,173339579,4.8546456603,,,,,,,
,16820,310M300US16820,16820,"Charlottesville, VA",M1,5759366808,45543803,13.8734036356,,,,,,,
170,16620,310M300US16620,16620,"Charleston, WV",M1,4519800292,33224908,11.8957844873,148,0,0,0,0,0,1
209,19340,310M300US19340,19340,"Davenport-Moline-Rock Island, IA-IL",M1,5878613371,114201813,11.5037256347,196,0,0,0,0,0,1
146,42780,310M300US42780,42780,"Selinsgrove, PA",M2,851526093,7157948,16.8490992419,,,,,,,
,24220,310M300US24220,24220,"Grand Forks, ND-MN",M1,8825263965,77268080,19.2115982952,,,,,,,
,17200,310M300US17200,17200,"Claremont-Lebanon, NH-VT",M2,10107943135,175756967,22.560803167,,,,,,,
348,37100,310M300US37100,37100,"Oxnard-Thousand Oaks-Ventura, CA",M1,4773390489,945942791,29.4901779803,873,0,0,0,0,0,1
406,25220,310M300US25220,25220,"Hammond, LA",M1,2049488094,136678798,0.854883918794,,,,,,,
,15260,310M300US15260,15260,"Brunswick, GA",M1,3332040694,828371391,8.43100222146,,,,,,,
,13140,310M300US13140,13140,"Beaumont-Port Arthur, TX",M1,7858940492,764325868,4.14227031197,84,,0,0,,,
,10980,310M300US10980,10980,"Alpena, MI",M2,1481125303,2908714548,16.3973755162,,,,,,,
346,32220,310M300US32220,32220,"Marshall, TX",M2,2330820877,40969486,5.15305231838,,,,,,,
294,18020,310M300US18020,18020,"Columbus, IN",M1,1053850605,6814131,10.1444057018,,,,,,,
356,31420,310M300US31420,31420,"Macon-Bibb County, GA",M1,4461725365,38847900,6.89679328525,468,,0,0,,,
288,14780,310M300US14780,14780,"Brenham, TX",M2,1564249679,46077120,6.46301885598,,,,,,,
246,22180,310M300US22180,22180,"Fayetteville, NC",M1,2700387017,19383292,12.1092367614,256,,0,0,,,
482,36260,310M300US36260,36260,"Ogden-Clearfield, UT",M1,18725676845,3639310556,25.6092371543,716,0,0,0,0,0,1
206,44860,310M300US44860,44860,"Sulphur Springs, TX",M2,1987018121,66250826,6.4863933806,,,,,,,
,27220,310M300US27220,27220,"Jackson, WY-ID",M2,11512806453,573739762,24.9981350434,,,,,,,
314,34100,310M300US34100,34100,"Morristown, TN",M1,1129311200,140067821,9.03464922176,,,,,,,
,33940,310M300US33940,33940,"Montrose, CO",M2,5804023644,4923261,20.1957720924,,,,,,,
,11260,310M300US11260,11260,"Anchorage, AK",M1,68154362535,2345698724,67.8032773709,38,,,,,,
,48540,310M300US48540,48540,"Wheeling, WV-OH",M1,2443375183,49368044,13.5768907723,900,,,,,,
390,34060,310M300US34060,34060,"Morgantown, WV",M1,2612979125,21733747,13.9816956603,,,,,,,
520,14700,310M300US14700,14700,"Branson, MO",M2,2839860330,170786578,7.5393553106,,,,,,,
338,46780,310M300US46780,46780,"Van Wert, OH",M2,1059698927,3281853,12.1928827019,,,,,,,
198,18140,310M300US18140,18140,"Columbus, OH",M1,12423184002,138954292,12.3217968912,184,0,0,0,0,0,1
404,33980,310M300US33980,33980,"Morehead City, NC",M2,1314749437,2131001181,14.1748384729,,,,,,,
406,38100,310M300US38100,38100,"Picayune, MS",M2,2100183723,20778648,0.935345354696,,,,,,,
200,18060,310M300US18060,18060,"Columbus, MS",M2,1309077219,28560499,3.87228605843,,,,,,,
364,41900,310M300US41900,41900,"San Germán, PR",M1,572747545,383926538,25.7707244392,,,,,,,
538,34780,310M300US34780,34780,"Muskogee, OK",M2,2099053124,75966890,7.88205495891,,,,,,,
376,48580,310M300US48580,48580,"Whitewater-Elkhorn, WI",M2,1438106019,55247228,12.8409089824,,,,,,,
,22220,310M300US22220,22220,"Fayetteville-Springdale-Rogers, AR-MO",M1,8192730604,129099378,7.5499423419,258,.0086711524,.021818843,0,,1,0
106,29780,310M300US29780,29780,"Las Vegas, NM",M2,12230072105,51380262,15.8789818965,,,,,,,
122,45580,310M300US45580,45580,"Thomaston, GA",M2,837696990,10663279,6.38427135431,,,,,,,
,37060,310M300US37060,37060,"Oxford, MS",M2,1636141755,123052156,4.47594480707,,,,,,,
,38460,310M300US38460,38460,"Plattsburgh, NY",M2,2687767000,206615475,22.021794285,,,,,,,
312,11860,310M300US11860,11860,"Atchison, KS",M2,1116729915,6857773,11.0216708179,,,,,,,
,40540,310M300US40540,40540,"Rock Springs, WY",M2,27005097216,166887296,22.2841237912,,,,,,,
142,45180,310M300US45180,45180,"Talladega-Sylacauga, AL",M2,3594135661,100885786,4.96967603494,,,,,,,
,38740,310M300US38740,38740,"Poplar Bluff, MO",M2,1799185021,11195137,6.82709823063,,,,,,,
,30060,310M300US30060,30060,"Lebanon, MO",M2,1980627554,8515352,8.19181178259,,,,,,,
267,24580,310M300US24580,24580,"Green Bay, WI",M1,4841657544,2536868348,14.9855473281,308,0,0,0,0,0,1
,31620,310M300US31620,31620,"Magnolia, AR",M2,1984105630,1774699,4.65919515741,,,,,,,
,34420,310M300US34420,34420,"Mount Pleasant, TX",M2,1051683607,50727822,6.01308060641,,,,,,,
456,16180,310M300US16180,16180,"Carson City, NV",M1,374669606,32587484,31.2010482035,,,,,,,
466,23300,310M300US23300,23300,"Freeport, IL",M2,1462175612,1385929,12.4501209975,,,,,,,
,15780,310M300US15780,15780,"Camden, AR",M2,3525874160,27976575,4.59350349661,,,,,,,
,38620,310M300US38620,38620,"Ponca City, OK",M2,2382077972,65369682,9.97874106743,,,,,,,
450,37080,310M300US37080,37080,"Oxford, NC",M2,1377849157,14503651,12.9815269192,,,,,,,
434,38660,310M300US38660,38660,"Ponce, PR",M1,1042108558,557666445,26.1068508717,,,,,,,
548,15700,310M300US15700,15700,"Cambridge, MD",M2,1400542033,1145384766,16.3471303659,,,,,,,
146,14100,310M300US14100,14100,"Bloomsburg-Berwick, PA",M1,1588567016,23674173,17.4939682447,,,,,,,
,20580,310M300US20580,20580,"Eagle Pass, TX",M2,3313819221,31869807,10.4318693799,,,,,,,
106,24380,310M300US24380,24380,"Grants, NM",M2,11758240097,5819742,18.7332572474,,,,,,,
204,28780,310M300US28780,28780,"Kingsville, TX",M2,6059947945,1803251165,8.24555067194,,,,,,,
,46100,310M300US46100,46100,"Tullahoma-Manchester, TN",M2,2881800723,72655722,6.61587584802,,,,,,,
,14380,310M300US14380,14380,"Boone, NC",M2,809160508,2332416,10.3976141846,,,,,,,
,48060,310M300US48060,48060,"Watertown-Fort Drum, NY",M1,3285912844,1524622410,19.9121082977,,,,,,,
544,47020,310M300US47020,47020,"Victoria, TX",M1,4491343500,36475960,7.34222047601,875,0,0,0,0,0,1
,29260,310M300US29260,29260,"La Grande, OR",M2,5275597063,4989941,32.0119641164,,,,,,,
416,43060,310M300US43060,43060,"Shawnee, OK",M2,2040060549,14842439,8.78172015667,,,,,,,
350,31500,310M300US31500,31500,"Madison, IN",M2,934033344,5844616,9.95999737138,,,,,,,
,20140,310M300US20140,20140,"Dublin, GA",M2,2875695899,38204475,7.56644363019,,,,,,,
,35820,310M300US35820,35820,"North Platte, NE",M2,10343629894,32514480,15.6715299958,,,,,,,
145,38700,310M300US38700,38700,"Pontiac, IL",M2,2704539026,4401355,11.0744311002,,,,,,,
464,40380,310M300US40380,40380,"Rochester, NY",M1,8459593078,5126848930,18.0370192575,684,0,0,0,0,0,1
,28580,310M300US28580,28580,"Key West, FL",M2,2545997177,7133387352,9.96912941238,,,,,,,
,48780,310M300US48780,48780,"Williston, ND",M2,5381129895,182522303,22.8715793949,,,,,,,
556,48620,310M300US48620,48620,"Wichita, KS",M1,12981338789,92879229,10.7287593544,904,.0019117487,0,0,0,0,
,47460,310M300US47460,47460,"Walla Walla, WA",M1,5538991459,87497682,32.6847879523,,,,,,,
,15420,310M300US15420,15420,"Burley, ID",M2,8606022524,53088932,26.7652088463,,,,,,,
,24500,310M300US24500,24500,"Great Falls, MT",M1,6988276640,34358092,27.5830040626,,,,,,,
,16060,310M300US16060,16060,"Carbondale-Marion, IL",M1,2600987408,110033584,7.89347939474,,,,,,,
185,17380,310M300US17380,17380,"Cleveland, MS",M2,2270314789,75742137,4.00104539915,,,,,,,
318,29180,310M300US29180,29180,"Lafayette, LA",M1,8828899206,2348844770,2.11599748738,388,.0074896114,0,1,0,0,0
,30300,310M300US30300,30300,"Lewiston, ID-WA",M1,3844502227,32632492,31.5683014375,,,,,,,
336,40080,310M300US40080,40080,"Richmond-Berea, KY",M2,1952452668,19442884,9.52651725818,,,,,,,
,22500,310M300US22500,22500,"Florence, SC",M1,3525265448,24391221,10.9933043955,,,,,,,
,27940,310M300US27940,27940,"Juneau, AK",M2,6998163331,1429463661,52.6408093743,,,,,,,
534,38840,310M300US38840,38840,"Port Clinton, OH",M2,660275593,855032692,13.4935085703,,,,,,,
428,36140,310M300US36140,36140,"Ocean City, NJ",M1,653004933,953575375,17.7453120046,584,,0,0,,,
522,27300,310M300US27300,27300,"Jacksonville, IL",M2,2123056101,13877698,9.79484060436,,,,,,,
522,44100,310M300US44100,44100,"Springfield, IL",M1,3063280699,25218803,9.92779127909,788,,0,0,,,
,49100,310M300US49100,49100,"Winona, MN",M2,1621568469,40121648,14.2006388508,,,,,,,
106,10740,310M300US10740,10740,"Albuquerque, NM",M1,24037592015,37928099,17.3283222176,20,.0012834417,.0024160964,0,0,0,0
122,23580,310M300US23580,23580,"Gainesville, GA",M1,1017306117,94561948,7.55129815866,,,,,,,
,13420,310M300US13420,13420,"Bemidji, MN",M2,6487127468,1426314757,18.7452452712,,,,,,,
,21220,310M300US21220,21220,"Elko, NV",M2,55283025877,96819143,27.8570560552,,,,,,,
,43340,310M300US43340,43340,"Shreveport-Bossier City, LA",M1,8257698073,324107729,4.53073239324,768,,0,0,,,
160,15380,310M300US15380,15380,"Buffalo-Cheektowaga-Niagara Falls, NY",M1,4053461565,2075808011,17.1713206667,128,.0024246734,.0034659239,0,0,0,0
238,21340,310M300US21340,21340,"El Paso, TX",M1,14461750010,7633474,15.6760498014,231,0,0,0,0,0,1
496,44340,310M300US44340,44340,"Statesboro, GA",M2,1743181436,40350113,8.57485186158,,,,,,,
,41100,310M300US41100,41100,"St. George, UT",M1,6285757441,9061296,24.684615108,,,,,,,
,19220,310M300US19220,19220,"Danville, KY",M2,1329044634,15775952,9.22506955139,,,,,,,
357,31540,310M300US31540,31540,"Madison, WI",M1,8569536716,200359064,13.1800119338,472,0,0,0,0,0,1
,11060,310M300US11060,11060,"Altus, OK",M2,2078855933,4114419,10.5626060267,,,,,,,
,46180,310M300US46180,46180,"Tupelo, MS",M2,3834436435,36678576,4.53911287686,,,,,,,
,42820,310M300US42820,42820,"Selma, AL",M2,2534807219,39134809,3.73299228332,,,,,,,
,14660,310M300US14660,14660,"Brainerd, MN",M2,7821364179,1426327947,17.4318674861,,,,,,,
468,48980,310M300US48980,48980,"Wilson, NC",M2,952010946,14334531,13.3551502773,,,,,,,
,34860,310M300US34860,34860,"Nacogdoches, TX",M2,2451523996,89731152,4.97189727174,,,,,,,
,14140,310M300US14140,14140,"Bluefield, WV-VA",M2,2428923052,7345332,11.3020357809,,,,,,,
408,20700,310M300US20700,20700,"East Stroudsburg, PA",M1,1575385119,22867226,18.3794757046,,,,,,,
,41760,310M300US41760,41760,"Sandpoint, ID",M2,4488456904,479483844,32.3851855541,,,,,,,
,37540,310M300US37540,37540,"Paris, TN",M2,1455159734,81742881,6.63455940286,,,,,,,
362,46460,310M300US46460,46460,"Union City, TN-KY",M2,1944521609,91518983,6.55847226401,,,,,,,
142,10760,310M300US10760,10760,"Alexander City, AL",M2,1855779800,128809185,5.09655335608,,,,,,,
540,27380,310M300US27380,27380,"Jacksonville, TX",M2,2727190094,23873001,5.56419102188,,,,,,,
408,14860,310M300US14860,14860,"Bridgeport-Stamford-Norwalk, CT",M1,1618664453,549280549,20.083533005,,,,,,,
,47700,310M300US47700,47700,"Warsaw, IN",M2,1376372904,59498373,12.0536286405,,,,,,,
,11900,310M300US11900,11900,"Athens, OH",M2,1304383720,12463892,12.3028981058,,,,,,,
,13720,310M300US13720,13720,"Big Stone Gap, VA",M2,1919744224,13440081,10.3156308229,,,,,,,
,17260,310M300US17260,17260,"Clarksdale, MS",M2,1431035290,79322563,4.37385779572,,,,,,,
,43700,310M300US43700,43700,"Somerset, KY",M2,1705274602,48546594,8.98164110781,,,,,,,
174,19140,310M300US19140,19140,"Dalton, GA",M1,1644529878,7253399,7.06678648958,,,,,,,
,23700,310M300US23700,23700,"Gallup, NM",M2,14116799068,14078537,19.1740213261,,,,,,,
474,40980,310M300US40980,40980,"Saginaw, MI",M1,2073181589,40159719,14.6672760366,696,,0,0,,,
106,21580,310M300US21580,21580,"Española, NM",M2,15179716420,91476941,18.0010631253,,,,,,,
,39140,310M300US39140,39140,"Prescott, AZ",M1,21039796334,11501575,23.0883654808,647,,0,0,,,
,32340,310M300US32340,32340,"Maryville, MO",M2,2271326596,2361588,11.5624998068,,,,,,,
474,13020,310M300US13020,13020,"Bay City, MI",M1,1145557693,487990590,15.0332812318,,,,,,,
222,20020,310M300US20020,20020,"Dothan, AL",M1,4444484340,33443449,4.6849746748,,,,,,,
406,14220,310M300US14220,14220,"Bogalusa, LA",M2,1734071719,16460917,0.953088495987,,,,,,,
,22780,310M300US22780,22780,"Fort Leonard Wood, MO",M2,1416985287,11341981,8.23597861873,,,,,,,
,28860,310M300US28860,28860,"Kirksville, MO",M2,2265278459,7684518,10.7107389221,,,,,,,
174,19420,310M300US19420,19420,"Dayton, TN",M2,816823241,54463143,7.60114766239,,,,,,,
288,13060,310M300US13060,13060,"Bay City, TX",M2,2830586532,1345801461,6.15971210938,,,,,,,
440,31020,310M300US31020,31020,"Longview, WA",M1,2953717906,67323174,36.5619729136,,,,,,,
,26260,310M300US26260,26260,"Hope, AR",M2,3484458407,42629238,5.20282333383,,,,,,,
350,21060,310M300US21060,21060,"Elizabethtown-Fort Knox, KY",M1,3082745500,72534139,8.78332918291,,,,,,,
206,20460,310M300US20460,20460,"Durant, OK",M2,2342528102,102267145,7.50403850104,,,,,,,
,44540,310M300US44540,44540,"Sterling, CO",M2,4761948003,16363553,17.0387391505,,,,,,,
198,17060,310M300US17060,17060,"Chillicothe, OH",M2,1784987272,9938174,11.6815928771,,,,,,,
,34500,310M300US34500,34500,"Mount Vernon, IL",M2,1479314409,32679991,8.45757880668,,,,,,,
,40740,310M300US40740,40740,"Roswell, NM",M2,15708886721,25500073,14.9251510341,,,,,,,
,20940,310M300US20940,20940,"El Centro, CA",M1,10817291640,790230304,25.6104903514,230,,0,0,,,
,39220,310M300US39220,39220,"Price, UT",M2,3831067811,15844443,22.825365973,,,,,,,
,13300,310M300US13300,13300,"Beeville, TX",M2,2279809512,246409,7.93393876452,,,,,,,
522,45380,310M300US45380,45380,"Taylorville, IL",M2,1837278858,16221514,9.66428289558,,,,,,,
393,36830,310M300US36830,36830,"Othello, WA",M2,4985663377,12499935,33.322197149,,,,,,,
,17020,310M300US17020,17020,"Chico, CA",M1,4238423343,105325812,33.1244035469,162,,0,0,,,
,35060,310M300US35060,35060,"Natchitoches, LA",M2,3243341073,121033890,3.63640633328,,,,,,,
,10140,310M300US10140,10140,"Aberdeen, WA",M2,4924343587,834767915,37.9677646067,,,,,,,
273,23500,310M300US23500,23500,"Gaffney, SC",M2,1017058336,11701051,9.78806522517,,,,,,,
148,18180,310M300US18180,18180,"Concord, NH",M2,2415829018,57547411,22.6506955336,,,,,,,
424,37140,310M300US37140,37140,"Paducah, KY-IL",M2,2708484838,207860746,7.3449457034,,,,,,,
,31980,310M300US31980,31980,"Marion, IN",M2,1072452767,2133507,11.446627848,,,,,,,
122,29300,310M300US29300,29300,"LaGrange, GA",M2,1072232630,82803338,5.83030313028,,,,,,,
,45740,310M300US45740,45740,"Toccoa, GA",M2,463948063,13121983,8.11790577789,,,,,,,
462,12380,310M300US12380,12380,"Austin, MN",M2,1842332256,617229,14.0493523047,,,,,,,
490,25020,310M300US25020,25020,"Guayama, PR",M1,328148350,235862232,26.6638375023,,,,,,,
273,43900,310M300US43900,43900,"Spartanburg, SC",M1,3424293983,34016291,9.48411825671,316,0,0,0,0,0,1
,32620,310M300US32620,32620,"McComb, MS",M2,2950301370,8218928,1.4560266436,,,,,,,
,12300,310M300US12300,12300,"Augusta-Waterville, ME",M2,2246806176,216724439,24.8524480884,,,,,,,
306,43740,310M300US43740,43740,"Somerset, PA",M2,2782597159,17002839,14.8522478022,,,,,,,
178,32500,310M300US32500,32500,"Maysville, KY",M2,621927922,16277777,10.6311985032,,,,,,,
,37460,310M300US37460,37460,"Panama City, FL",M1,3398187138,1205718269,4.48847282978,601,,0,1,,,
,18860,310M300US18860,18860,"Crescent City, CA",M2,2606100217,578760364,35.9542525534,,,,,,,
,33180,310M300US33180,33180,"Middlesborough, KY",M2,929806778,5480741,9.27136933319,,,,,,,
368,22620,310M300US22620,22620,"Forrest City, AR",M2,1644111365,20049932,5.17925144564,,,,,,,
206,18620,310M300US18620,18620,"Corsicana, TX",M2,2614935353,197626174,6.86771297729,,,,,,,
,21640,310M300US21640,21640,"Eufaula, AL-GA",M2,2683521758,75022971,5.01248231912,,,,,,,
,40760,310M300US40760,40760,"Ruidoso, NM",M2,12512530131,554701,15.9793414066,,,,,,,
,17740,310M300US17740,17740,"Coldwater, MI",M2,1311513992,34440013,12.9678021698,,,,,,,
350,12680,310M300US12680,12680,"Bardstown, KY",M2,1081354528,16997332,9.08281826577,,,,,,,
148,29060,310M300US29060,29060,"Laconia, NH",M2,1040130770,177190123,22.9892713168,,,,,,,
,21420,310M300US21420,21420,"Enid, OK",M1,2741478920,4075930,10.1637669045,,,,,,,
308,27860,310M300US27860,27860,"Jonesboro, AR",M1,3795992719,27612644,5.83578408379,,,,,,,
,32180,310M300US32180,32180,"Marshall, MO",M2,1956716996,29587339,9.78885625973,,,,,,,
422,45540,310M300US45540,45540,"The Villages, FL",M1,1418393423,83347578,7.95781769797,,,,,,,
,38340,310M300US38340,38340,"Pittsfield, MA",M1,2400678867,50642922,20.8726454397,,,,,,,
,38580,310M300US38580,38580,"Point Pleasant, WV-OH",M2,2323941148,48259844,11.8106107682,,,,,,,
,16260,310M300US16260,16260,"Cedar City, UT",M2,8537474431,11390956,24.6597328438,,,,,,,
,38420,310M300US38420,38420,"Platteville, WI",M2,2970368437,94555361,12.9850587977,,,,,,,
428,20100,310M300US20100,20100,"Dover, DE",M1,1518566893,549101617,17.0606754622,219,0,0,0,0,0,1
370,42680,310M300US42680,42680,"Sebastian-Vero Beach, FL",M1,1302197701,295585011,9.60022101086,,,,,,,
266,34740,310M300US34740,34740,"Muskegon, MI",M1,1295054825,2486391724,13.9143236203,532,,0,0,,,
,21540,310M300US21540,21540,"Escanaba, MI",M2,3033119057,2124391646,16.2956523539,,,,,,,
258,19540,310M300US19540,19540,"Decatur, IN",M2,878079482,2429955,11.9430397135,,,,,,,
,20540,310M300US20540,20540,"Dyersburg, TN",M2,1326939562,36775687,6.17735297942,,,,,,,
396,23860,310M300US23860,23860,"Georgetown, SC",M2,2107183538,572535186,11.1863696503,,,,,,,
120,14820,310M300US14820,14820,"Brevard, NC",M2,980254343,5135255,8.89777745194,,,,,,,
,38540,310M300US38540,38540,"Pocatello, ID",M1,2881283705,92111044,25.6739862512,,,,,,,
276,23900,310M300US23900,23900,"Gettysburg, PA",M1,1343394713,7889265,16.1672443394,,,,,,,
,47780,310M300US47780,47780,"Washington, IN",M2,1112370958,19127827,9.25554602835,,,,,,,
566,41400,310M300US41400,41400,"Salem, OH",M2,1377697739,7237745,14.2169619082,,,,,,,
365,40100,310M300US40100,40100,"Rio Grande City, TX",M2,3168019244,15346370,9.40454193763,,,,,,,
357,27500,310M300US27500,27500,"Janesville-Beloit, WI",M1,1859980095,20695910,12.7964591142,362,,0,0,,,
330,37020,310M300US37020,37020,"Owosso, MI",M2,1374710887,26336215,14.2803894045,,,,,,,
277,25500,310M300US25500,25500,"Harrisonburg, VA",M1,2244174790,11270642,14.0232030751,326,,0,0,,,
,10100,310M300US10100,10100,"Aberdeen, SD",M2,7352949530,111439351,17.9001690662,,,,,,,
312,29940,310M300US29940,29940,"Lawrence, KS",M1,1180703878,48598501,10.4500041594,415,,0,0,,,
404,35100,310M300US35100,35100,"New Bern, NC",M1,3922736042,761532342,13.8761472962,,,,,,,
174,11940,310M300US11940,11940,"Athens, TN",M2,1114009036,5340572,7.67293510495,,,,,,,
,10220,310M300US10220,10220,"Ada, OK",M2,1865885741,12421415,8.2851027535,,,,,,,
,40780,310M300US40780,40780,"Russellville, AR",M2,4513757337,95469502,6.24170709268,,,,,,,
360,11740,310M300US11740,11740,"Ashland, OH",M2,1095444135,9962880,13.3657178927,,,,,,,
370,38940,310M300US38940,38940,"Port St. Lucie, FL",M1,2888882341,843124732,9.86963724101,271,,0,0,,,
,19260,310M300US19260,19260,"Danville, VA",M2,2620459559,26388377,12.6094890888,,,,,,,
170,30880,310M300US30880,30880,"Logan, WV",M2,1175209778,4830034,11.2712417961,,,,,,,
,13220,310M300US13220,13220,"Beckley, WV",M1,3281358619,27855436,11.8840371307,,,,,,,
,49420,310M300US49420,49420,"Yakima, WA",M1,11122757385,41168171,34.957802124,926,,0,0,,,
,27160,310M300US27160,27160,"Jackson, OH",M2,1088581966,3184785,11.6962557667,,,,,,,
220,11460,310M300US11460,11460,"Ann Arbor, MI",M1,1828428383,42628874,13.7770972309,44,,0,0,,,
356,47580,310M300US47580,47580,"Warner Robins, GA",M1,2006924099,19555474,6.78938207118,468,,0,0,,,
500,36020,310M300US36020,36020,"Oak Harbor, WA",M2,539622439,800242041,37.3664964181,,,,,,,
,30420,310M300US30420,30420,"Lexington, NE",M2,3810563625,28203452,14.6742796854,,,,,,,
,38820,310M300US38820,38820,"Port Angeles, WA",M2,4503153139,2413877536,38.5204673659,,,,,,,
408,35300,310M300US35300,35300,"New Haven-Milford, CT",M1,1565652258,667093746,20.5404706366,,,,,,,
,18100,310M300US18100,18100,"Columbus, NE",M2,1745758247,27319783,13.9087450499,,,,,,,
190,33620,310M300US33620,33620,"Moberly, MO",M2,1250217889,13254193,9.87020116735,,,,,,,
,31220,310M300US31220,31220,"Ludington, MI",M2,1282237606,1935672193,14.567632772,,,,,,,
,22580,310M300US22580,22580,"Forest City, NC",M2,1464352460,4681970,9.72978861777,,,,,,,
,23940,310M300US23940,23940,"Gillette, WY",M2,12437959227,10343088,21.1921678564,,,,,,,
472,49700,310M300US49700,49700,"Yuba City, CA",M1,3197227147,46725588,32.8977240571,934,,,,,,
488,41940,310M300US41940,41940,"San Jose-Sunnyvale-Santa Clara, CA",M1,6940965313,37831429,32.2000031709,740,.003177542,.0073116305,0,0,,0
,24260,310M300US24260,24260,"Grand Island, NE",M1,5551274904,67070880,13.9014516897,,,,,,,
,48180,310M300US48180,48180,"Waycross, GA",M2,3193623389,47013715,7.68144329751,,,,,,,
,35440,310M300US35440,35440,"Newport, OR",M2,2539217125,554661512,36.983326184,,,,,,,
,21700,310M300US21700,21700,"Eureka-Arcata-Fortuna, CA",M2,9240992572,1254297982,35.6036833631,,,,,,,
217,22860,310M300US22860,22860,"Fort Polk South, LA",M2,3439275960,35153783,3.45240303906,,,,,,,
408,10900,310M300US10900,10900,"Allentown-Bethlehem-Easton, PA-NJ",M1,3762663530,58541458,18.1658596424,24,0,0,0,0,0,1
456,22280,310M300US22280,22280,"Fernley, NV",M2,5183173279,59602530,30.629449304,,,,,,,
,34220,310M300US34220,34220,"Moultrie, GA",M2,1416686381,25002138,6.31081804152,,,,,,,
188,38780,310M300US38780,38780,"Portales, NM",M2,6335223796,18698694,14.1445442091,,,,,,,
240,21500,310M300US21500,21500,"Erie, PA",M1,2069952475,1965847815,15.6337647274,236,,0,0,,,
378,41060,310M300US41060,41060,"St. Cloud, MN",M1,4535391479,134380882,16.3206449395,698,,0,0,,,
,27700,310M300US27700,27700,"Jesup, GA",M2,1662237979,18136147,8.19775399478,,,,,,,
,19000,310M300US19000,19000,"Cullowhee, NC",M2,1271376787,9779083,8.67784796518,,,,,,,
466,40300,310M300US40300,40300,"Rochelle, IL",M2,1964706940,11425029,12.1539518614,,,,,,,
314,35460,310M300US35460,35460,"Newport, TN",M2,1125399312,22117950,9.10227285341,,,,,,,
,15220,310M300US15220,15220,"Brownwood, TX",M2,2446081828,32417771,9.2420622247,,,,,,,
376,39540,310M300US39540,39540,"Racine, WI",M1,861267826,1190381762,12.9803458121,660,,0,0,,,
,32540,310M300US32540,32540,"McAlester, OK",M2,3381152829,187399167,7.67101887791,,,,,,,
,40700,310M300US40700,40700,"Roseburg, OR",M2,13042299244,252000831,35.8101802943,,,,,,,
,25460,310M300US25460,25460,"Harrison, AR",M2,3655086538,36152577,6.96717562775,,,,,,,
482,41620,310M300US41620,41620,"Salt Lake City, UT",M1,19901493873,1055947011,25.3677903715,716,0,0,0,0,0,1
184,35420,310M300US35420,35420,"New Philadelphia-Dover, OH",M2,1469659271,10390938,13.5208839499,,,,,,,
168,26980,310M300US26980,26980,"Iowa City, IA",M1,3063662686,28964338,11.7301050923,350,,0,0,,,
,21820,310M300US21820,21820,"Fairbanks, AK",M1,19019056192,275185416,66.5087329125,,,,,,,
,25880,310M300US25880,25880,"Hillsdale, MI",M2,1549199574,22938608,13.1248779124,,,,,,,
147,36620,310M300US36620,36620,"Ontario, OR-ID",M2,26662726495,118044009,30.6832570751,,,,,,,
,39060,310M300US39060,39060,"Pottsville, PA",M2,2016645897,10834897,17.4703973468,,,,,,,
238,29740,310M300US29740,29740,"Las Cruces, NM",M1,9863101539,17658237,17.0614633425,410,,0,0,,,
,18380,310M300US18380,18380,"Cordele, GA",M2,706002618,21657691,6.50162693088,,,,,,,
488,46700,310M300US46700,46700,"Vallejo-Fairfield, CA",M1,2128380148,218647027,33.0612166449,736,0,.0012566989,0,0,0,
548,49020,310M300US49020,49020,"Winchester, VA-WV",M1,2753491815,16169438,14.8123263107,,,,,,,
,11140,310M300US11140,11140,"Americus, GA",M2,1682455779,28172498,6.12682512971,,,,,,,
,15580,310M300US15580,15580,"Butte-Silver Bow, MT",M2,1859564311,1522160,27.7779558053,,,,,,,
,43420,310M300US43420,43420,"Sierra Vista-Douglas, AZ",M1,15966175635,137024922,19.9015289913,,,,,,,
122,12020,310M300US12020,12020,"Athens-Clarke County, GA",M1,2654353090,26370977,7.85536006384,50,,0,0,,,
164,16020,310M300US16020,16020,"Cape Girardeau, MO-IL",M1,3708762133,72939838,7.42169268967,,,,,,,
,17220,310M300US17220,17220,"Clarksburg, WV",M2,2353000502,10811595,13.365485036,,,,,,,
246,29900,310M300US29900,29900,"Laurinburg, NC",M2,825964638,3821988,11.5733294373,,,,,,,
450,41820,310M300US41820,41820,"Sanford, NC",M2,660580380,10752322,12.1306974471,,,,,,,
300,37260,310M300US37260,37260,"Palatka, FL",M2,1885199309,256516109,8.20892496825,,,,,,,
,31580,310M300US31580,31580,"Madisonville, KY",M2,1403763241,32165560,7.78508574385,,,,,,,
,21120,310M300US21120,21120,"Elk City, OK",M2,2335665265,5527154,11.1124903264,,,,,,,
,16940,310M300US16940,16940,"Cheyenne, WY",M1,6956486264,4273816,18.636581003,,,,,,,
,18900,310M300US18900,18900,"Crossville, TN",M2,1763849862,9823729,7.81326476204,,,,,,,
538,45140,310M300US45140,45140,"Tahlequah, OK",M2,1940958254,69624105,7.8448555442,,,,,,,
,22660,310M300US22660,22660,"Fort Collins, CO",M1,6724080411,97955155,18.8809693253,267,.0076172301,.020033643,0,0,,0
545,28620,310M300US28620,28620,"Kill Devil Hills, NC",M2,2004632460,3535118628,15.1526990584,,,,,,,
,36900,310M300US36900,36900,"Ottumwa, IA",M2,2419122168,17733239,11.2471930037,,,,,,,
548,20660,310M300US20660,20660,"Easton, MD",M2,695519249,539405840,16.4396634263,,,,,,,
,34260,310M300US34260,34260,"Mountain Home, AR",M2,1435588023,84022332,6.81483676641,,,,,,,
,44940,310M300US44940,44940,"Sumter, SC",M1,1722537605,44054049,10.3724965963,,,,,,,
,12540,310M300US12540,12540,"Bakersfield, CA",M1,21061589620,79574760,29.2916383178,68,0,0,0,0,0,1
,30940,310M300US30940,30940,"London, KY",M2,3258431155,47847303,9.16759698669,,,,,,,
488,44700,310M300US44700,44700,"Stockton-Lodi, CA",M1,3606276598,89025932,32.336092473,812,0,0,0,0,0,1
,28180,310M300US28180,28180,"Kapaa, HI",M2,1605492336,1674244223,70.090644601,,,,,,,
,37780,310M300US37780,37780,"Pecos, TX",M2,6825534308,17396681,13.818250918,,,,,,,
,19700,310M300US19700,19700,"Deming, NM",M2,7679944726,433660,17.9468509259,,,,,,,
,30380,310M300US30380,30380,"Lewistown, PA",M2,1064602238,9507398,16.3297112377,,,,,,,
,15100,310M300US15100,15100,"Brookings, SD",M2,2051807236,32967600,16.0019155215,,,,,,,
,15460,310M300US15460,15460,"Burlington, IA-IL",M2,2058988482,77674750,11.0240247029,,,,,,,
264,29380,310M300US29380,29380,"Lake City, FL",M2,2065628009,9773963,7.33283244877,,,,,,,
428,47220,310M300US47220,47220,"Vineland-Bridgeton, NJ",M1,1252327405,503300501,17.6003436721,876,,0,0,,,
162,34940,310M300US34940,34940,"Naples-Immokalee-Marco Island, FL",M1,5176791360,793072151,9.39981809739,534,,.011067054,1,,,
,23380,310M300US23380,23380,"Fremont, OH",M2,1057906596,23958604,13.3209727384,,,,,,,
,24140,310M300US24140,24140,"Goldsboro, NC",M1,1434618746,9874705,13.1323073581,,,,,,,
338,47540,310M300US47540,47540,"Wapakoneta, OH",M2,1039599278,1345186,12.0970522598,,,,,,,
464,12860,310M300US12860,12860,"Batavia, NY",M2,1276697994,6142605,17.596827587,,,,,,,
546,47300,310M300US47300,47300,"Visalia-Porterville, CA",M1,12495016292,37081410,29.5359321686,878,,0,0,,,
220,33780,310M300US33780,33780,"Monroe, MI",M1,1423002774,338237702,13.6250443524,522,,0,0,,,
,46860,310M300US46860,46860,"Vernal, UT",M2,11609281233,56154091,22.0785151493,,,,,,,
362,32280,310M300US32280,32280,"Martin, TN",M2,1503105587,3709396,6.51055875491,,,,,,,
,24980,310M300US24980,24980,"Grenada, MS",M2,1093252414,70698246,3.86792842005,,,,,,,
104,26460,310M300US26460,26460,"Hudson, NY",M2,1643778342,35063763,20.4601302842,,,,,,,
,26020,310M300US26020,26020,"Hobbs, NM",M2,11373742011,8469170,13.7707757608,,,,,,,
,43260,310M300US43260,43260,"Sheridan, WY",M2,6535475148,7986323,22.5452379314,,,,,,,
,27460,310M300US27460,27460,"Jamestown-Dunkirk-Fredonia, NY",M2,2745973927,1139481429,16.2427160635,,,,,,,
258,12140,310M300US12140,12140,"Auburn, IN",M2,939732061,2657419,12.5134074656,,,,,,,
,23780,310M300US23780,23780,"Garden City, KS",M2,5626763241,2927999,13.6922542765,,,,,,,
,17700,310M300US17700,17700,"Coffeyville, KS",M2,1666728645,20601461,9.31091883284,,,,,,,
314,42940,310M300US42940,42940,"Sevierville, TN",M2,1534562013,13491050,8.70875091019,,,,,,,
,19620,310M300US19620,19620,"Del Rio, TX",M2,8144863674,227711349,11.2043835934,,,,,,,
540,46340,310M300US46340,46340,"Tyler, TX",M1,2386701624,73066275,5.86685094575,,,,,,,
393,34180,310M300US34180,34180,"Moses Lake, WA",M2,6939865658,289949704,34.2022790607,,,,,,,
558,48700,310M300US48700,48700,"Williamsport, PA",M1,3182060988,39457017,17.2283071597,,,,,,,
446,34140,310M300US34140,34140,"Moscow, ID",M2,2786468098,2370320,31.6588023047,,,,,,,
,25900,310M300US25900,25900,"Hilo, HI",M2,10433637858,2739470030,66.3779554157,,,,,,,
,26340,310M300US26340,26340,"Houghton, MI",M2,4012397250,15329028212,17.3114153922,,,,,,,
359,31860,310M300US31860,31860,"Mankato-North Mankato, MN",M1,3098783491,93520003,14.8523891566,,,,,,,
,35020,310M300US35020,35020,"Natchez, MS-LA",M2,3002636542,195603635,2.21640601505,,,,,,,
,46900,310M300US46900,46900,"Vernon, TX",M2,2514536081,18196245,10.1883760582,,,,,,,
217,19760,310M300US19760,19760,"DeRidder, LA",M2,2997502171,21999001,3.47620744859,,,,,,,
,37300,310M300US37300,37300,"Palestine, TX",M2,2752129268,39880658,6.01563307431,,,,,,,
500,36500,310M300US36500,36500,"Olympia-Tumwater, WA",M1,1871151578,133733459,37.0293436522,591,,0,0,,,
,23660,310M300US23660,23660,"Galesburg, IL",M2,1855506548,8834348,11.0303365604,,,,,,,
221,44580,310M300US44580,44580,"Sterling, IL",M2,1772198882,31796423,11.8511652238,,,,,,,
554,32980,310M300US32980,32980,"Merrill, WI",M2,2276113184,72464441,15.4339369649,,,,,,,
,31660,310M300US31660,31660,"Malone, NY",M2,4219632482,176707575,21.4590865495,,,,,,,
106,42140,310M300US42140,42140,"Santa Fe, NM",M1,4941598720,3647895,16.9792550635,749,,0,0,,,
200,48500,310M300US48500,48500,"West Point, MS",M2,1062066012,15393112,3.9281060078,,,,,,,
294,42980,310M300US42980,42980,"Seymour, IN",M2,1319119300,11910481,9.81414256505,,,,,,,
260,31460,310M300US31460,31460,"Madera, CA",M1,5535098260,41957139,30.6985846489,470,,0,0,,,
,28420,310M300US28420,28420,"Kennewick-Richland, WA",M1,7618194348,215636315,33.6116218676,,,,,,,
184,41780,310M300US41780,41780,"Sandusky, OH",M2,651628988,969654879,13.6007412839,,,,,,,
172,10620,310M300US10620,10620,"Albemarle, NC",M2,1023370455,25242751,11.1022080394,,,,,,,
,20060,310M300US20060,20060,"Douglas, GA",M2,1490402085,70454813,7.2860866143,,,,,,,
,48900,310M300US48900,48900,"Wilmington, NC",M1,2753630482,516911859,12.8813227351,920,,,,,,
,34660,310M300US34660,34660,"Murray, KY",M2,997205946,66492726,6.92194509057,,,,,,,
273,42860,310M300US42860,42860,"Seneca, SC",M2,1622113936,122274812,8.41842299804,,,,,,,
274,24780,310M300US24780,24780,"Greenville, NC",M1,1689619168,8248766,13.8001786371,315,,,,,,
140,13460,310M300US13460,13460,"Bend-Redmond, OR",M1,7815567168,94755758,34.2733173346,90,,0,0,,,
308,37500,310M300US37500,37500,"Paragould, AR",M2,1496205814,4789584,6.24293217476,,,,,,,
456,39900,310M300US39900,39900,"Reno, NV",M1,17004061389,623017434,31.5841862402,672,0,0,0,0,0,1
500,14740,310M300US14740,14740,"Bremerton-Silverdale, WA",M1,1023380594,442123819,37.2097082818,115,,0,0,,,
500,43220,310M300US43220,43220,"Shelton, WA",M2,2484806996,237381766,37.5426305086,,,,,,,
,33540,310M300US33540,33540,"Missoula, MT",M1,6715977352,64471601,29.4673692789,,,,,,,
,20980,310M300US20980,20980,"El Dorado, AR",M2,2691555117,41401587,4.20616890222,,,,,,,
488,42100,310M300US42100,42100,"Santa Cruz-Watsonville, CA",M1,1152967330,419570389,32.8420597157,748,,0,0,,,
,28380,310M300US28380,28380,"Kennett, MO",M2,1401369327,15831055,6.36923389988,,,,,,,
,29540,310M300US29540,29540,"Lancaster, PA",M1,2444606396,103423673,17.0430543128,400,,0,0,,,
,23460,310M300US23460,23460,"Gadsden, AL",M1,1386379575,34562865,5.69687762551,,,,,,,
268,34340,310M300US34340,34340,"Mount Airy, NC",M2,1382444499,10278972,11.3192846062,,,,,,,
212,43380,310M300US43380,43380,"Sidney, OH",M2,1055876814,7808224,11.9043583291,,,,,,,
,44660,310M300US44660,44660,"Stillwater, OK",M2,1773393744,31771425,9.35338138556,,,,,,,
524,44300,310M300US44300,44300,"State College, PA",M1,2874542864,8187277,16.3831105767,,,,,,,
,45620,310M300US45620,45620,"Thomasville, GA",M2,1410511577,19726755,6.10500326155,,,,,,,
336,23180,310M300US23180,23180,"Frankfort, KY",M2,1060818733,17337100,9.62841921113,,,,,,,
318,34020,310M300US34020,34020,"Morgan City, LA",M2,1438845622,1460445312,1.51019047893,,,,,,,
470,44900,310M300US44900,44900,"Summerville, GA",M2,811512405,570806,6.48618027867,,,,,,,
150,23980,310M300US23980,23980,"Glasgow, KY",M2,2012911615,36258737,8.18583119703,,,,,,,
359,35580,310M300US35580,35580,"New Ulm, MN",M2,1582659428,18584892,15.1129585496,,,,,,,
533,45220,310M300US45220,45220,"Tallahassee, FL",M1,6184046488,556610306,5.68351158909,824,,0,0,,,
276,25420,310M300US25420,25420,"Harrisburg-Carlisle, PA",M1,4200971848,108892326,16.5420931381,324,0,0,0,0,0,1
440,38900,310M300US38900,38900,"Portland-Vancouver-Hillsboro, OR-WA",M1,17318309512,356671510,36.1185513125,644,.0019777394,.0016585975,0,0,0,0
336,30460,310M300US30460,30460,"Lexington-Fayette, KY",M1,3803531309,40704347,9.87050429587,428,0,0,0,0,0,1
,13900,310M300US13900,13900,"Bismarck, ND",M1,13922505324,252946938,20.1230230466,,,,,,,
518,17660,310M300US17660,17660,"Coeur d'Alene, ID",M1,3205258073,185023363,32.117481566,170,,0,0,,,
476,41180,310M300US41180,41180,"St. Louis, MO-IL",M1,20366526836,565437477,8.83957770878,704,0,0,0,0,0,1
,17780,310M300US17780,17780,"College Station-Bryan, TX",M1,5439580277,85909281,6.59654507444,,,,,,,
,19060,310M300US19060,19060,"Cumberland, MD-WV",M1,1947744668,18443633,14.7262620982,,,,,,,
,12900,310M300US12900,12900,"Batesville, AR",M2,1978630968,19594201,6.05786627441,,,,,,,
340,30780,310M300US30780,30780,"Little Rock-North Little Rock-Conway, AR",M1,10578432067,295706325,5.43541555431,440,0,0,0,0,0,1
148,12700,310M300US12700,12700,"Barnstable Town, MA",M1,1020989893,2360346064,22.9370690271,,,,,,,
,46520,310M300US46520,46520,"Urban Honolulu, HI",M1,1555561841,4054927822,68.5492249605,,,,,,,
427,15900,310M300US15900,15900,"Canton, IL",M2,2241880793,43973314,10.5708667054,,,,,,,
194,12220,310M300US12220,12220,"Auburn-Opelika, AL",M1,1573552337,21488937,5.32553540371,,,,,,,
434,42180,310M300US42180,42180,"Santa Isabel, PR",M2,88144282,111140897,26.3982248952,,,,,,,
,10780,310M300US10780,10780,"Alexandria, LA",M1,5079062147,169057328,2.96004001227,,,,,,,
290,22840,310M300US22840,22840,"Fort Payne, AL",M2,2012664315,4121538,6.15816861087,,,,,,,
236,18500,310M300US18500,18500,"Corning, NY",M2,3601567659,34992742,17.626893116,,,,,,,
176,16980,310M300US16980,16980,"Chicago-Naperville-Elgin, IL-IN-WI",M1,18639486887,6168927619,11.9635893369,160,.00069198245,.00077111844,0,0,0,0
122,12060,310M300US12060,12060,"Atlanta-Sandy Springs-Roswell, GA",M1,22484502020,399735190,6.71817222441,52,.0010911773,.0017077543,0,0,0,0
258,11420,310M300US11420,11420,"Angola, IN",M2,799725143,35458838,12.7389357268,,,,,,,
150,14540,310M300US14540,14540,"Bowling Green, KY",M1,4182605061,62139746,7.96412263363,113,,0,0,,,
278,25540,310M300US25540,25540,"Hartford-West Hartford-East Hartford, CT",M1,3923208429,238338950,21.0160919907,,,,,,,
268,49180,310M300US49180,49180,"Winston-Salem, NC",M1,5202187731,81525427,11.4144374246,312,0,0,0,0,0,1
206,14300,310M300US14300,14300,"Bonham, TX",M2,2307244931,20853016,7.17923823053,,,,,,,
,45300,310M300US45300,45300,"Tampa-St. Petersburg-Clearwater, FL",M1,6512723734,2115378596,7.73864926651,828,.00066978892,.0007612324,0,0,0,0
,18880,310M300US18880,18880,"Crestview-Fort Walton Beach-Destin, FL",M1,5097049416,916055326,3.66196205271,,,,,,,
532,45060,310M300US45060,45060,"Syracuse, NY",M1,6176908667,1020620363,19.2134818671,816,0,0,0,0,0,1
,46220,310M300US46220,46220,"Tuscaloosa, AL",M1,7373826590,131643546,3.94998999081,860,,0,0,,,
428,12100,310M300US12100,12100,"Atlantic City-Hammonton, NJ",M1,1438982575,301062742,18.0373307455,56,,0,0,,,
,49820,310M300US49820,49820,"Zapata, TX",M2,2585876220,154370982,9.66730315782,,,,,,,
408,45940,310M300US45940,45940,"Trenton, NJ",M1,581097880,11661948,18.4436636995,848,,0,0,,,
521,24640,310M300US24640,24640,"Greenfield Town, MA",M2,1810952650,65556538,21.4935192997,,,,,,,
220,10300,310M300US10300,10300,"Adrian, MI",M2,1941350734,30688197,13.3546920629,,,,,,,
490,41980,310M300US41980,41980,"San Juan-Carolina-Caguas, PR",M1,3724340107,1458352586,26.5236889584,,,,,,,
430,38300,310M300US38300,38300,"Pittsburgh, PA",M1,13678890325,157993107,14.6055274332,628,0,0,0,0,0,1
,40220,310M300US40220,40220,"Roanoke, VA",M1,4839992441,72598010,12.4301939745,680,,0,0,,,
,10460,310M300US10460,10460,"Alamogordo, NM",M2,17126441843,36956504,16.024414818,,,,,,,
,31940,310M300US31940,31940,"Marinette, WI-MI",M2,6328379041,1151920255,15.7051417849,,,,,,,
521,44140,310M300US44140,44140,"Springfield, MA",M1,2963649315,90952745,21.2425793221,,,,,,,
220,19820,310M300US19820,19820,"Detroit-Warren-Dearborn, MI",M1,10072723936,897371163,14.4675511512,216,0,.0022946992,0,0,0,
,36300,310M300US36300,36300,"Ogdensburg-Massena, NY",M2,6939259168,367916370,20.8403766548,,,,,,,
422,19660,310M300US19660,19660,"Deltona-Daytona Beach-Ormond Beach, FL",M1,4109406178,1078990196,8.75862560984,202,,0,0,,,
490,11640,310M300US11640,11640,"Arecibo, PR",M1,613215964,231818987,25.8820470244,,,,,,,
470,40660,310M300US40660,40660,"Rome, GA",M1,1320695431,22123140,6.43416545556,,,,,,,
,15540,310M300US15540,15540,"Burlington-South Burlington, VT",M1,3243255609,657485068,22.46568485,,,,,,,
348,31080,310M300US31080,31080,"Los Angeles-Long Beach-Anaheim, CA",M1,12558353322,2202337037,28.5299960254,,,,,,,
350,31140,310M300US31140,31140,"Louisville/Jefferson County, KY-IN",M1,9268089797,160313389,9.45464968412,452,.0016389498,.0023145515,0,0,0,0
462,40340,310M300US40340,40340,"Rochester, MN",M1,6415885141,74843100,14.2530186979,,,,,,,
332,29820,310M300US29820,29820,"Las Vegas-Henderson-Paradise, NV",M1,20439281442,438376844,25.8489056293,413,.0029630037,.0065173693,0,0,1,0
104,10580,310M300US10580,10580,"Albany-Schenectady-Troy, NY",M1,7282139778,172580332,20.5467760978,16,0,0,0,0,0,1
,11820,310M300US11820,11820,"Astoria, OR",M2,2145196270,661305228,37.3516504463,,,,,,,
450,39580,310M300US39580,39580,"Raleigh, NC",M1,5485095633,76934776,12.8922115216,664,0,0,0,0,0,1
,20420,310M300US20420,20420,"Durango, CO",M2,4376514359,25383359,19.3582133796,,,,,,,
,32940,310M300US32940,32940,"Meridian, MS",M2,5598031466,37039806,2.81800041897,,,,,,,
,28900,310M300US28900,28900,"Klamath Falls, OR",M2,15391613774,503712593,34.1818675299,,,,,,,
408,28740,310M300US28740,28740,"Kingston, NY",M1,2911757793,94596954,19.741942567,383,,0,0,,,
246,31300,310M300US31300,31300,"Lumberton, NC",M2,2455335994,5105265,11.8329837769,,,,,,,
280,25860,310M300US25860,25860,"Hickory-Lenoir-Morganton, NC",M1,4246269591,75131153,10.3459353974,329,,0,0,,,
292,39940,310M300US39940,39940,"Rexburg, ID",M2,6042788327,93793186,25.8439747552,,,,,,,
,22520,310M300US22520,22520,"Florence-Muscle Shoals, AL",M1,3264212594,214450972,5.38445325597,,,,,,,
400,34980,310M300US34980,34980,"Nashville-Davidson--Murfreesboro--Franklin, TN",M1,16321859459,197519941,6.97406227121,536,0,0,0,0,0,1
364,32420,310M300US32420,32420,"Mayagüez, PR",M1,230559330,508706239,25.4991033286,,,,,,,
218,19780,310M300US19780,19780,"Des Moines-West Des Moines, IA",M1,7468341905,73225332,12.3085916838,212,0,0,0,0,0,1
370,33100,310M300US33100,33100,"Miami-Fort Lauderdale-West Palm Beach, FL",M1,13145516111,2749730366,10.1599538701,500,.0040565706,.0035284909,1,0,0,0
206,19100,310M300US19100,19100,"Dallas-Fort Worth-Arlington, TX",M1,24035445889,921708995,7.65367847693,192,.004739081,.0096901124,0,,1,0
174,17420,310M300US17420,17420,"Cleveland, TN",M1,1977188283,26789601,7.43203360626,,,,,,,
170,39020,310M300US39020,39020,"Portsmouth, OH",M2,1580451539,15363856,11.2943055156,,,,,,,
,46300,310M300US46300,46300,"Twin Falls, ID",M2,6524081879,31092937,27.6290126434,,,,,,,
277,44420,310M300US44420,44420,"Staunton-Waynesboro, VA",M1,2595263177,10519161,13.6106016411,,,,,,,
209,17540,310M300US17540,17540,"Clinton, IA",M2,1799830899,39514681,12.0075207374,,,,,,,
400,43180,310M300US43180,43180,"Shelbyville, TN",M2,1226719728,2980817,6.60524561466,,,,,,,
,16700,310M300US16700,16700,"Charleston-North Charleston, SC",M1,6707115010,1485155824,10.3892223611,144,0,0,0,0,0,1
566,49660,310M300US49660,49660,"Youngstown-Warren-Boardman, OH-PA",M1,4409156953,108718491,14.7115502151,932,,0,0,,,
545,21020,310M300US21020,21020,"Elizabeth City, NC",M2,1850164805,554687567,15.059599783,,,,,,,
324,27660,310M300US27660,27660,"Jennings, LA",M2,1687025362,18718206,2.88933790469,,,,,,,
280,32000,310M300US32000,32000,"Marion, NC",M2,1139475862,13977177,9.78577582011,,,,,,,
,25100,310M300US25100,25100,"Guymon, OK",M2,5286926132,19215617,13.4183903466,,,,,,,
276,30140,310M300US30140,30140,"Lebanon, PA",M1,937138344,1727921,17.0717936403,,,,,,,
458,39980,310M300US39980,39980,"Richmond, IN",M2,1040508998,6732251,11.1163341984,,,,,,,
,17340,310M300US17340,17340,"Clearlake, CA",M2,3254288286,188912510,34.069615973,,,,,,,
,16420,310M300US16420,16420,"Central City, KY",M2,1209734539,31906703,7.8307686188,,,,,,,
264,23540,310M300US23540,23540,"Gainesville, FL",M1,3172084248,257185421,7.4748337769,290,,0,0,,,
,37580,310M300US37580,37580,"Paris, TX",M2,2349622229,67103153,6.76588737798,,,,,,,
233,24060,310M300US24060,24060,"Glenwood Springs, CO",M2,10148185172,27896278,20.1466916483,,,,,,,
244,22020,310M300US22020,22020,"Fargo, ND-MN",M1,7278461047,26723811,18.4036016269,252,0,0,0,0,0,1
,13500,310M300US13500,13500,"Bennettsville, SC",M2,1242378725,14480156,11.2925116597,,,,,,,
,45900,310M300US45900,45900,"Traverse City, MI",M2,4379940084,7440189707,15.4589792371,,,,,,,
,10500,310M300US10500,10500,"Albany, GA",M1,5005406451,65692115,6.0151648463,12,,0,0,,,
,40180,310M300US40180,40180,"Riverton, WY",M2,23786031608,212125873,22.8383233143,,,,,,,
170,26580,310M300US26580,26580,"Huntington-Ashland, WV-KY-OH",M1,6545973821,91818592,11.3636968563,340,,0,0,,,
378,33460,310M300US33460,33460,"Minneapolis-St. Paul-Bloomington, MN-WI",M1,19779947802,1249931813,15.5365215412,512,0,0,0,0,0,1
,41540,310M300US41540,41540,"Salisbury, MD-DE",M1,5435128637,2080606122,16.7903283765,713,,0,0,,,
430,48260,310M300US48260,48260,"Weirton-Steubenville, WV-OH",M1,1502240251,29714228,13.9767009162,,,,,,,
,20260,310M300US20260,20260,"Duluth, MN-WI",M1,21789629257,2075740628,17.6017871766,224,,0,0,,,
,13780,310M300US13780,13780,"Binghamton, NY",M1,3171179763,36245337,18.550951065,96,,.02331694,0,,,
148,31700,310M300US31700,31700,"Manchester-Nashua, NH",M1,2269876709,41633792,22.397968849,,,,,,,
496,25980,310M300US25980,25980,"Hinesville, GA",M1,2374380744,232029283,8.55786618868,,,,,,,
524,20180,310M300US20180,20180,"DuBois, PA",M2,2964701490,23932649,15.9609809756,,,,,,,
194,46740,310M300US46740,46740,"Valley, AL",M2,1545009121,17048126,5.45996071246,,,,,,,
434,17620,310M300US17620,17620,"Coamo, PR",M2,202052316,38061,26.3779357952,,,,,,,
,47240,310M300US47240,47240,"Vineyard Haven, MA",M2,267455938,1004128585,22.4576908076,,,,,,,
,33860,310M300US33860,33860,"Montgomery, AL",M1,7027179702,189591795,4.31238397039,524,,0,0,,,
,44020,310M300US44020,44020,"Spirit Lake, IA",M2,985764405,60490791,14.4428387917,,,,,,,
340,42620,310M300US42620,42620,"Searcy, AR",M2,2680890163,18254982,5.64519890734,,,,,,,
,21180,310M300US21180,21180,"Elkins, WV",M2,2692810850,667359,13.4212868582,,,,,,,
390,21900,310M300US21900,21900,"Fairmont, WV",M2,799642461,7186185,13.6542705167,,,,,,,
468,40580,310M300US40580,40580,"Rocky Mount, NC",M1,2708802704,9894909,13.566943299,,,,,,,
,31820,310M300US31820,31820,"Manitowoc, WI",M2,1526427354,2343210650,14.3750227074,,,,,,,
,45980,310M300US45980,45980,"Troy, AL",M2,1740741209,2336975,4.43349244075,,,,,,,
,38240,310M300US38240,38240,"Pinehurst-Southern Pines, NC",M2,1806961889,20736340,11.7797508252,,,,,,,
298,27140,310M300US27140,27140,"Jackson, MS",M1,12038417782,210561640,2.42761738007,356,.0045889979,.0033532572,0,0,0,0
,49460,310M300US49460,49460,"Yankton, SD",M2,1349811536,28629259,15.0724531049,,,,,,,
288,26660,310M300US26660,26660,"Huntsville, TX",M2,3827524072,97529547,5.50929490962,,,,,,,
,32140,310M300US32140,32140,"Marshall, MN",M2,1850712587,18397339,15.6592136734,,,,,,,
456,23820,310M300US23820,23820,"Gardnerville Ranchos, NV",M2,1838170211,72317570,31.0056062335,,,,,,,
425,37620,310M300US37620,37620,"Parkersburg-Vienna, WV",M1,1550810379,33050959,12.540480838,,,,,,,
440,18700,310M300US18700,18700,"Corvallis, OR",M1,1748712528,7740249,36.5203162062,,,,,,,
490,17640,310M300US17640,17640,"Coco, PR",M2,179660999,115910809,26.5125262548,,,,,,,
346,30980,310M300US30980,30980,"Longview, TX",M1,4611066617,68442649,5.46981956396,442,,0,0,,,
198,49780,310M300US49780,49780,"Zanesville, OH",M2,1721328761,20656658,12.8559679845,,,,,,,
,30020,310M300US30020,30020,"Lawton, OK",M1,4408014172,61426399,9.66247131982,420,,0,0,,,
,45000,310M300US45000,45000,"Susanville, CA",M2,11761603010,463438616,32.4837938212,,,,,,,
444,15860,310M300US15860,15860,"Cañon City, CO",M2,3970664556,2235368,17.7037563159,,,,,,,
,45340,310M300US45340,45340,"Taos, NM",M2,5704119092,3383126,17.0440204264,,,,,,,
332,37220,310M300US37220,37220,"Pahrump, NV",M2,47090938927,43207981,27.74414425,,,,,,,
,42420,310M300US42420,42420,"Scottsbluff, NE",M2,9200254100,17707405,18.4487892856,,,,,,,
,24740,310M300US24740,24740,"Greenville, MS",M2,1877069905,94495553,3.52383205052,,,,,,,
192,17900,310M300US17900,17900,"Columbia, SC",M1,9590673414,339397196,9.8400301109,176,0,0,0,0,0,1
274,47820,310M300US47820,47820,"Washington, NC",M2,2154915918,338848867,14.2320979162,,,,,,,
,12940,310M300US12940,12940,"Baton Rouge, LA",M1,10429605596,456494719,1.35944601763,76,.034231644,.066086128,1,0,0,0
525,18780,310M300US18780,18780,"Craig, CO",M2,12284943876,19803412,21.1708396699,,,,,,,
,24900,310M300US24900,24900,"Greenwood, MS",M2,3163934370,50147243,3.59741578659,,,,,,,
384,40820,310M300US40820,40820,"Ruston, LA",M2,1221806136,1897709,3.82805005622,,,,,,,
538,46140,310M300US46140,46140,"Tulsa, OK",M1,16238463266,493085088,8.88472527364,856,0,.0028286765,0,0,0,
556,11680,310M300US11680,11680,"Arkansas City-Winfield, KS",M2,2915656996,17314108,10.0617238517,,,,,,,
268,24660,310M300US24660,24660,"Greensboro-High Point, NC",M1,5163682287,69026583,11.8582750136,312,0,0,0,0,0,1
380,33660,310M300US33660,33660,"Mobile, AL",M1,3184131335,1073840930,1.94836279277,516,,.028026486,1,,,
148,49340,310M300US49340,49340,"Worcester, MA-CT",M1,5240875056,199208610,21.827963688,,,,,,,
,11500,310M300US11500,11500,"Anniston-Oxford-Jacksonville, AL",M1,1569245419,16568579,5.65168162491,45,,0,0,,,
190,17860,310M300US17860,17860,"Columbia, MO",M1,1775580802,14222231,9.38804641756,174,,0,0,,,
,14720,310M300US14720,14720,"Breckenridge, CO",M2,1575588239,28287709,18.8701711436,,,,,,,
546,25260,310M300US25260,25260,"Hanford-Corcoran, CA",M1,3598583450,5468555,30.4981399488,,,,,,,
312,28140,310M300US28140,28140,"Kansas City, MO-KS",M1,18793458176,303304045,10.0897054765,376,.0029131433,.0025568618,0,0,,0
,47180,310M300US47180,47180,"Vincennes, IN",M2,1336508529,20760770,9.14182416815,,,,,,,
,18260,310M300US18260,18260,"Cookeville, TN",M2,2960951084,35466938,7.79065999482,,,,,,,
,41740,310M300US41740,41740,"San Diego-Carlsbad, CA",M1,10895149811,826195031,26.9697524982,732,0,0,0,0,0,1
172,43140,310M300US43140,43140,"Shelby, NC",M2,1202005999,10201815,9.99525734197,,,,,,,
,25940,310M300US25940,25940,"Hilton Head Island-Bluffton-Beaufort, SC",M1,3189786598,1013138423,9.41033561534,,,,,,,
396,34820,310M300US34820,34820,"Myrtle Beach-Conway-North Myrtle Beach, SC-NC",M1,5137355019,832612829,11.9995011099,533,,0,0,,,
304,28700,310M300US28700,28700,"Kingsport-Bristol-Bristol, TN-VA",M1,5205849542,96127578,10.0626872163,366,,0,0,,,
488,34900,310M300US34900,34900,"Napa, CA",M1,1938165958,104249021,33.5057930885,736,0,.0012566989,0,0,0,
192,36700,310M300US36700,36700,"Orangeburg, SC",M2,2864676304,56530748,9.8062325787,,,,,,,
244,47420,310M300US47420,47420,"Wahpeton, ND-MN",M2,5663688401,25518466,17.7598637244,,,,,,,
,46660,310M300US46660,46660,"Valdosta, GA",M1,4116441966,102347892,6.7699917225,870,,0,0,,,
,36980,310M300US36980,36980,"Owensboro, KY",M1,2327090347,85986265,8.30912204346,,,,,,,
,26500,310M300US26500,26500,"Huntingdon, PA",M2,2265337403,37851955,15.9278905929,,,,,,,
192,35140,310M300US35140,35140,"Newberry, SC",M2,1631805482,44657974,9.42946623147,,,,,,,
,25760,310M300US25760,25760,"Helena-West Helena, AR",M2,1801659698,82148488,4.61244657657,,,,,,,
,20220,310M300US20220,20220,"Dubuque, IA",M1,1575488093,21138791,12.5985076262,,,,,,,
448,39500,310M300US39500,39500,"Quincy, IL-MO",M2,3523024917,56685924,10.2251106903,,,,,,,
,33300,310M300US33300,33300,"Milledgeville, GA",M2,1889880383,42487922,7.60768220434,,,,,,,
164,43460,310M300US43460,43460,"Sikeston, MO",M2,1087765673,15199711,7.15848742268,,,,,,,
,45460,310M300US45460,45460,"Terre Haute, IN",M1,3794473109,51187615,9.83839712702,,,,,,,
,45700,310M300US45700,45700,"Tifton, GA",M2,675665505,20495108,6.60631592931,,,,,,,
,41260,310M300US41260,41260,"St. Marys, PA",M2,2142856032,12818644,16.1364073166,,,,,,,
,17300,310M300US17300,17300,"Clarksville, TN-KY",M1,4398073859,132335357,7.24577320601,166,,,,,,
444,39380,310M300US39380,39380,"Pueblo, CO",M1,6179900085,30284242,16.7483315787,656,,0,0,,,
,36580,310M300US36580,36580,"Oneonta, NY",M2,2594462130,36339122,19.6083923732,,,,,,,
,40460,310M300US40460,40460,"Rockingham, NC",M2,1227593689,15572168,11.4048566031,,,,,,,
,32660,310M300US32660,32660,"McMinnville, TN",M2,1120619142,3524889,7.12140720641,,,,,,,
,45820,310M300US45820,45820,"Topeka, KS",M1,8372391390,148386791,10.8536853754,844,0,0,0,0,0,1
370,36380,310M300US36380,36380,"Okeechobee, FL",M2,1991451255,318560309,9.40280267856,,,,,,,
,40860,310M300US40860,40860,"Rutland, VT",M2,2408212536,38758591,21.7483990357,,,,,,,
,11380,310M300US11380,11380,"Andrews, TX",M2,3886850342,957039,12.914795637,,,,,,,
,26380,310M300US26380,26380,"Houma-Thibodaux, LA",M1,5957208457,3239751820,0.831682788023,335,,,,,,
340,38220,310M300US38220,38220,"Pine Bluff, AR",M1,5257911393,141461901,4.62810332742,,,,,,,
146,44980,310M300US44980,44980,"Sunbury, PA",M2,1186219234,50515011,17.1783369587,,,,,,,
306,27780,310M300US27780,27780,"Johnstown, PA",M1,1782823119,13677295,15.438685951,368,,0,0,,,
154,39700,310M300US39700,39700,"Raymondville, TX",M2,1529611927,501715022,8.43984486242,,,,,,,
,14180,310M300US14180,14180,"Blytheville, AR",M2,2332480068,49826367,5.86035991646,,,,,,,
548,25180,310M300US25180,25180,"Hagerstown-Martinsburg, MD-WV",M1,2017375973,25865741,15.4308044892,318,,0,0,,,
,46540,310M300US46540,46540,"Utica-Rome, NY",M1,6795727533,237762852,19.9618690834,868,,0,0,,,
288,20900,310M300US20900,20900,"El Campo, TX",M2,2813116856,21288266,6.30589279376,,,,,,,
,15820,310M300US15820,15820,"Campbellsville, KY",M2,689809404,27162478,8.77622731183,,,,,,,
384,12820,310M300US12820,12820,"Bastrop, LA",M2,2058870205,28878805,3.4550578699,,,,,,,
,24620,310M300US24620,24620,"Greeneville, TN",M2,1611409748,5099752,9.47452005419,,,,,,,
206,23620,310M300US23620,23620,"Gainesville, TX",M2,2265775274,61333916,8.16867660018,,,,,,,
,14580,310M300US14580,14580,"Bozeman, MT",M2,6746211520,75237113,26.3601255489,,,,,,,
426,12120,310M300US12120,12120,"Atmore, AL",M2,2447747107,20872955,3.04198342429,,,,,,,
378,39860,310M300US39860,39860,"Red Wing, MN",M2,1960231259,61007240,14.767947445,,,,,,,
,24330,310M300US24330,24330,"Grand Rapids, MN",M2,6908157284,675007069,17.9855867878,,,,,,,
162,15980,310M300US15980,15980,"Cape Coral-Fort Myers, FL",M1,2030766730,1109263864,8.76310544014,270,,0,0,,,
216,14500,310M300US14500,14500,"Boulder, CO",M1,1881211993,36590886,18.4728554189,208,0,0,0,0,0,1
,25200,310M300US25200,25200,"Hailey, ID",M2,12725329409,67811642,27.7160847543,,,,,,,
,38180,310M300US38180,38180,"Pierre, SD",M2,8269309232,506022629,17.936837109,,,,,,,
512,46820,310M300US46820,46820,"Vermillion, SD",M2,1067562649,13071014,14.7866654894,,,,,,,
174,42460,310M300US42460,42460,"Scottsboro, AL",M2,2791663803,126657151,6.27324893875,,,,,,,
318,36660,310M300US36660,36660,"Opelousas, LA",M2,2392904508,39047412,2.17193138068,,,,,,,
276,49620,310M300US49620,49620,"York-Hanover, PA",M1,2341883204,16941833,16.5864961322,928,,0,0,,,
290,19460,310M300US19460,19460,"Decatur, AL",M1,3289381161,119693420,5.39705003831,203,,0,0,,,
336,34460,310M300US34460,34460,"Mount Sterling, KY",M2,1760541811,23430907,10.2371176169,,,,,,,
,13540,310M300US13540,13540,"Bennington, VT",M2,1748245632,6926825,21.3657786404,,,,,,,
233,20780,310M300US20780,20780,"Edwards, CO",M2,4362874882,18849997,19.3655133618,,,,,,,
206,11980,310M300US11980,11980,"Athens, TX",M2,2263039163,193233424,6.34094255703,,,,,,,
296,18660,310M300US18660,18660,"Cortland, NY",M2,1291815779,7112822,18.8050557999,,,,,,,
300,41220,310M300US41220,41220,"St. Marys, GA",M2,1588171680,436845085,8.34047455876,,,,,,,
382,33700,310M300US33700,33700,"Modesto, CA",M1,3874642752,46376455,31.9795350806,517,0,0,0,0,0,1
,36100,310M300US36100,36100,"Ocala, FL",M1,4112982359,193293405,7.92169073701,579,,0,0,,,
548,16540,310M300US16540,16540,"Chambersburg-Waynesboro, PA",M1,2000052118,1544300,15.8092793409,,,,,,,
104,24100,310M300US24100,24100,"Gloversville, NY",M2,1283234679,96916405,20.384513659,,,,,,,
,35900,310M300US35900,35900,"North Wilkesboro, NC",M2,1954249751,6862434,10.8108193338,,,,,,,
290,26620,310M300US26620,26620,"Huntsville, AL",M1,3526393541,151137145,5.8413388267,344,,0,0,,,
515,35660,310M300US35660,35660,"Niles-Benton Harbor, MI",M1,1470467019,2625526479,12.557768973,87,,0,0,,,
525,44460,310M300US44460,44460,"Steamboat Springs, CO",M2,6117602778,15831744,20.0608995835,,,,,,,
,27020,310M300US27020,27020,"Iron Mountain, MI-WI",M2,3236251255,64644693,16.1502001505,,,,,,,
466,40420,310M300US40420,40420,"Rockford, IL",M1,2056797612,18446713,12.4597396528,688,,0,0,,,
430,35260,310M300US35260,35260,"New Castle, PA",M2,927644463,11783868,14.6741038702,,,,,,,
297,27180,310M300US27180,27180,"Jackson, TN",M1,2870684581,5035253,5.80892774252,,,,,,,
,26220,310M300US26220,26220,"Hood River, OR",M2,1352203447,29040461,35.3402158181,,,,,,,
,12620,310M300US12620,12620,"Bangor, ME",M1,8798667306,414015520,26.3387267538,,,,,,,
,11020,310M300US11020,11020,"Altoona, PA",M1,1361815247,3285511,15.6966570094,28,,0,0,,,
,13380,310M300US13380,13380,"Bellingham, WA",M1,5459395531,1028184731,36.9798326393,86,,0,0,,,
160,36460,310M300US36460,36460,"Olean, NY",M2,3388637061,36604688,16.7138000005,,,,,,,
412,35840,310M300US35840,35840,"North Port-Sarasota-Bradenton, FL",M1,3364256618,826435744,8.04264601713,,,,,,,
532,12180,310M300US12180,12180,"Auburn, NY",M2,1791190504,445708175,18.673728913,,,,,,,
290,10700,310M300US10700,10700,"Albertville, AL",M2,1465524098,148503229,5.75960446957,,,,,,,
,43500,310M300US43500,43500,"Silver City, NM",M2,10259419034,15354482,18.6512263706,,,,,,,
,24300,310M300US24300,24300,"Grand Junction, CO",M1,8621911414,31428362,20.6397097744,,,,,,,
273,24940,310M300US24940,24940,"Greenwood, SC",M2,2448090458,74346298,8.76563611905,,,,,,,
297,15140,310M300US15140,15140,"Brownsville, TN",M2,1380741545,2472509,5.71696801947,,,,,,,
147,34300,310M300US34300,34300,"Mountain Home, ID",M2,7964175400,68571093,28.8484705474,,,,,,,
,44500,310M300US44500,44500,"Stephenville, TX",M2,2805191670,17394954,8.59225571903,,,,,,,
,18460,310M300US18460,18460,"Cornelia, GA",M2,716754762,5917259,7.96958880483,,,,,,,
548,15680,310M300US15680,15680,"California-Lexington Park, MD",M1,925665243,1053737256,15.7640997753,,,,,,,
425,31930,310M300US31930,31930,"Marietta, OH",M2,1636799191,20784924,12.7537683992,,,,,,,
533,12460,310M300US12460,12460,"Bainbridge, GA",M2,1546584748,67412755,5.45572333354,,,,,,,
,37340,310M300US37340,37340,"Palm Bay-Melbourne-Titusville, FL",M1,2629853328,1402820790,9.35544103878,490,.0034241092,.0067210863,0,0,0,0
,12740,310M300US12740,12740,"Barre, VT",M2,1779421703,21184426,22.5138332873,,,,,,,
122,27600,310M300US27600,27600,"Jefferson, GA",M2,879716843,8906081,7.65577146406,,,,,,,
,29700,310M300US29700,29700,"Laredo, TX",M1,8706186702,36555096,9.62571934822,408,,0,0,,,
468,40260,310M300US40260,40260,"Roanoke Rapids, NC",M2,3264476323,52971297,13.9694296446,,,,,,,
194,17980,310M300US17980,17980,"Columbus, GA-AL",M1,5014774447,61083812,5.64132413621,180,,0,0,,,
,31340,310M300US31340,31340,"Lynchburg, VA",M1,5491607509,68380112,13.0671855931,464,,0,0,,,
426,37860,310M300US37860,37860,"Pensacola-Ferry Pass-Brent, FL",M1,4321779039,983764441,2.89933005223,608,,.023911042,1,,,
292,13940,310M300US13940,13940,"Blackfoot, ID",M2,5423063386,68526352,26.100024785,,,,,,,
452,39660,310M300US39660,39660,"Rapid City, SD",M1,20213646512,56141354,19.2840009621,,,,,,,
,36340,310M300US36340,36340,"Oil City, PA",M2,1746388722,22148538,15.3619658209,,,,,,,
222,21460,310M300US21460,21460,"Enterprise, AL",M2,1758565487,3907876,4.23306002688,,,,,,,
446,39420,310M300US39420,39420,"Pullman, WA",M2,5592428647,48281266,32.3925278464,,,,,,,
142,13820,310M300US13820,13820,"Birmingham-Hoover, AL",M1,13675133960,232511496,4.74204211946,100,.0027264478,0,0,0,0,
,18300,310M300US18300,18300,"Coos Bay, OR",M2,4133580446,544862331,36.6019227918,,,,,,,
216,19740,310M300US19740,19740,"Denver-Aurora-Lakewood, CO",M1,21615699174,147292315,17.7261806296,208,0,0,0,0,0,1
,27620,310M300US27620,27620,"Jefferson City, MO",M1,5821488630,80070671,8.99425399841,,,,,,,
,28300,310M300US28300,28300,"Keene, NH",M2,1830338973,57617298,21.9670671167,,,,,,,
,40940,310M300US40940,40940,"Safford, AZ",M2,11972750122,47455350,20.1680150419,,,,,,,
,22140,310M300US22140,22140,"Farmington, NM",M1,14279020830,65437427,19.5236007634,254,,0,0,,,
,25060,310M300US25060,25060,"Gulfport-Biloxi-Pascagoula, MS",M1,4586190422,2098199924,1.10472466828,92,,.28485492,1,,,
178,48940,310M300US48940,48940,"Wilmington, OH",M2,1058487159,9351754,11.3196953728,,,,,,,
,10380,310M300US10380,10380,"Aguadilla-Isabela, PR",M1,1222490239,358946565,25.741245033,,,,,,,
434,10260,310M300US10260,10260,"Adjuntas, PR",M2,172725734,1051790,25.989477688,,,,,,,
,27340,310M300US27340,27340,"Jacksonville, NC",M1,1973721561,370718798,13.4180722328,360,,0,0,,,
408,45860,310M300US45860,45860,"Torrington, CT",M2,2384058126,62393364,20.5009534295,,,,,,,
382,32900,310M300US32900,32900,"Merced, CA",M1,5012175306,112509475,31.6211145033,494,,0,0,,,
104,24020,310M300US24020,24020,"Glens Falls, NY",M1,4398868113,204809826,21.1883412974,,,,,,,
538,12780,310M300US12780,12780,"Bartlesville, OK",M2,1076019753,22829398,9.0479237634,,,,,,,
292,26820,310M300US26820,26820,"Idaho Falls, ID",M1,13457622995,125373512,26.3350410126,,,,,,,
,22800,310M300US22800,22800,"Fort Madison-Keokuk, IA-IL-MO",M2,4703265246,127299951,10.6706401133,,,,,,,
438,30340,310M300US30340,30340,"Lewiston-Auburn, ME",M1,1211937419,75599699,24.3539671652,,,,,,,
278,35980,310M300US35980,35980,"Norwich-New London, CT",M1,1722710821,276663622,21.2746026052,,,,,,,
376,33340,310M300US33340,33340,"Milwaukee-Waukesha-West Allis, WI",M1,3768459035,4835244138,13.3898478977,508,0,0,0,0,0,1
400,29980,310M300US29980,29980,"Lawrenceburg, TN",M2,1598356132,2228677,5.89388985617,,,,,,,
,27100,310M300US27100,27100,"Jackson, MI",M1,1817308326,56538564,13.5238958139,352,,0,0,,,
204,18580,310M300US18580,18580,"Corpus Christi, TX",M1,4620110263,1599339957,7.78847899355,188,,0,0,,,
482,39340,310M300US39340,39340,"Provo-Orem, UT",M1,13973678640,400819499,24.5188254873,652,0,0,0,0,0,1
,49260,310M300US49260,49260,"Woodward, OK",M2,3217798450,9693376,11.3700259383,,,,,,,
209,34700,310M300US34700,34700,"Muscatine, IA",M2,1132977193,30262373,11.6375327877,,,,,,,
500,34580,310M300US34580,34580,"Mount Vernon-Anacortes, WA",M1,4481039429,484059449,36.8143848389,,,,,,,
,25840,310M300US25840,25840,"Hermiston-Pendleton, OR",M2,13586991821,86020192,33.0428604608,,,,,,,
,10660,310M300US10660,10660,"Albert Lea, MN",M2,1831347093,39714579,14.1828499724,,,,,,,
176,33140,310M300US33140,33140,"Michigan City-La Porte, IN",M1,1549659083,38675577,12.0749169126,502,,0,0,,,
,49740,310M300US49740,49740,"Yuma, AZ",M1,14281265636,13171316,24.1286711828,936,,,,,,
488,42220,310M300US42220,42220,"Santa Rosa, CA",M1,4081437574,497508807,34.0497280198,750,,0,0,,,
154,15180,310M300US15180,15180,"Brownsville-Harlingen, TX",M1,2307891059,998035120,8.45365820562,124,,0,0,,,
412,39460,310M300US39460,39460,"Punta Gorda, FL",M1,1764104250,458735965,8.57730554546,658,,.076150425,0,,,
384,33740,310M300US33740,33740,"Monroe, LA",M1,3852302939,128907138,3.63314364828,520,,0,0,,,
312,41140,310M300US41140,41140,"St. Joseph, MO-KS",M1,4287704814,50998233,11.044347141,,,,,,,
218,35500,310M300US35500,35500,"Newton, IA",M2,1891773617,6565650,12.1837760562,,,,,,,
,27980,310M300US27980,27980,"Kahului-Wailuku-Lahaina, HI",M1,3039408820,3309056319,67.2357179158,,,,,,,
,46380,310M300US46380,46380,"Ukiah, CA",M2,9081421729,962951511,34.7765144227,,,,,,,
,43100,310M300US43100,43100,"Sheboygan, WI",M1,1324200978,1968298008,13.9605872455,,,,,,,
,12420,310M300US12420,12420,"Austin-Round Rock, TX",M1,10933669741,151694217,7.71505470704,64,.0039620479,0,0,0,,
304,27740,310M300US27740,27740,"Johnson City, TN",M1,2211377281,26113260,9.91295533612,366,,0,0,,,
